instance_id,coal_sample,pellet,subsample,scs_class,target_value,RMS value,P2P,Dominant Frequency 1 peak,Spectral Entropy 2,Dominant Frequency 3 peak,Absorption Proxy,Dominant Frequency 2 peak,SNR_raw,Spectral Entropy 1,Spectral Entropy 3,Spectral Bandwidth 4,Spectral Centroid,Skew Value,SNR_Processed,Spectral Entropy 4,Spectral Centroid 1,Spectral Centroid 2,Spectral Bandwidth 1
C5_P1_01,C5,P1,01,High,28.19,0.002325478146339995,0.0055301679380763994,0.26737967914438504,0.9255298971994816,0.6111535523300229,0.0044695269408416,0.5729564553093965,15.242165155535288,0.8278948970341439,0.6984700381156403,0.059011182224883336,8.996446360526598,-9.3029718086571,-12.963972160097883,0.9423898494167074,0.31140505966994764,0.5015206421294072,0.056800434482105734
C5_P1_02,C5,P1,02,High,28.19,0.0022592046048356272,0.005514475256008599,0.3819709702062643,0.8257967615213337,0.6111535523300229,0.0044070900994228,0.42016806722689076,17.235589028897103,0.853953519978329,0.595251567105679,0.06008472161208641,8.881984055804613,-8.399535172601931,-10.537642332593208,0.9318220618420651,0.3097566381774867,0.4932407630433664,0.06073452363664265
C5_P1_05,C5,P1,05,High,28.19,0.002303027903807402,0.0054680649835101,0.3819709702062643,0.8271278998660215,0.6111535523300229,0.0044214472340806,0.5729564553093965,15.172244349827249,0.8963420208001271,0.6730513234529305,0.06015084285297942,8.999614360167158,-9.328403924768805,-12.87604380213759,0.9322826342756735,0.31707739448206246,0.5095676094755831,0.056590068051938856
C5_P1_09,C5,P1,09,High,28.19,0.002318507302807877,0.0054643922281325,0.3819709702062643,0.8496753208584221,0.6111535523300229,0.0044287927448357,0.5729564553093965,10.815057105916866,0.8514107827540254,0.5980163161577231,0.062416370200113216,8.95109591553643,-8.97612758495895,-17.239528185571316,0.9343648956522019,0.3121813501058062,0.5076090577671127,0.06059841861671992
C5_P1_10,C5,P1,10,High,28.19,0.00227734430785143,0.0054754104942652,0.3819709702062643,0.9170836446288491,0.6111535523300229,0.004396739606995,0.42016806722689076,10.560859674762053,0.7812533546301066,0.7730881434863873,0.06178474778847168,8.919112897889752,-8.831976426344948,-17.362072321815155,0.971140767219001,0.3165670774167068,0.4975737348113562,0.061531133921373646
C5_P2_01,C5,P2,01,High,28.19,0.002254419938932972,0.005488765968365499,0.26737967914438504,0.5399838201725202,0.6111535523300229,0.0043696947719419,0.5729564553093965,15.157129813362744,0.7772159477187439,0.6828675341172343,0.06430383510700959,8.908073006021537,-8.957432005920559,-12.624418395902646,0.8687882476711174,0.2945318144081576,0.5334831628304324,0.05041950956253994
C5_P2_05,C5,P2,05,High,28.19,0.002290808226108527,0.0054673972098051,0.26737967914438504,0.5053355195702294,0.6111535523300229,0.0043747030747296,0.5729564553093965,17.59390258095177,0.9112475624548818,0.725211892798307,0.06675351218527327,8.94763607072128,-9.617776151767785,-10.334103865488633,0.8929099196055865,0.30243692384890813,0.5359470509586493,0.05163264423563494
C5_P2_10,C5,P2,10,High,28.19,0.0022625301164333872,0.0055688988129673,0.26737967914438504,0.6839895285226364,0.7639419404125286,0.0043957379464375,0.5729564553093965,17.395533837126504,0.7415940140356814,0.7714283473876098,0.06812604900014488,8.937671418958278,-8.934641318294208,-10.385673506957174,0.8331695939830224,0.31141084566376487,0.5212990483386565,0.04306124533028631
C5_P3_01,C5,P3,01,High,28.19,0.0022885587841103,0.0055532061308994005,0.26737967914438504,0.8862034097920254,0.6875477463712757,0.0044828824149419,0.4965622612681436,15.817766187898442,0.9726104619674921,0.9081642603419107,0.05294421709169897,8.990505881317652,-9.135242123970254,-12.443795450452921,0.7808117445743388,0.3019041304018473,0.4936364643151945,0.05347970498733269
C5_P3_05,C5,P3,05,High,28.19,0.002279686424801716,0.0055021214424659,0.22918258212375858,0.7600595155226205,0.6875477463712757,0.0044077578731278,0.4965622612681436,15.944641532936242,0.8995666604823693,0.9633603842636767,0.05717994225608213,8.965246382014136,-9.39730094898371,-12.315339505188767,0.8489991860380092,0.2922321326423793,0.5018996111023186,0.05470638348693513
C5_P3_10,C5,P3,10,High,28.19,0.002275247845335825,0.0055628888496221,0.26737967914438504,0.7772366221025415,0.6875477463712757,0.0044341349344758,0.4965622612681436,10.530685713146958,0.7807466557475355,0.9436704684248585,0.056443011134732234,8.909106001530905,-9.562390555127111,-17.627342912499284,0.845001153256036,0.2918167034485632,0.4982721134072302,0.050368967222752664
C5_P4_10,C5,P4,10,High,28.19,0.002297054177850762,0.0055298340512239,0.26737967914438504,0.6432083556824962,0.7639419404125286,0.0044611797695289,0.5729564553093965,10.739442821484118,0.7229619732467076,0.7228282973658257,0.06669296888600115,8.824191959601283,-8.248363009518673,-16.87953794489503,0.8494310776196711,0.3009841807085158,0.5281127334610479,0.05280744238076017
C5_P4_01,C5,P4,01,High,28.19,0.0023244877770886726,0.005512138048041,0.26737967914438504,0.6422343563541458,0.7639419404125286,0.0044812129806793,0.5729564553093965,15.523712327005697,0.9108480856540395,0.7992319390725992,0.0641666526134806,8.862276305282604,-7.976842775126246,-12.35435256320915,0.7852057359669298,0.2994538677979603,0.5239139732580487,0.0527362623232092
C5_P4_05,C5,P4,05,High,28.19,0.0023311080861797427,0.0055138074823036,0.30557677616501144,0.7219274130304123,0.7639419404125286,0.004463850864349,0.5729564553093965,10.894266040620321,0.9502928053124272,0.7666557708341682,0.06371756340335875,8.867514066929859,-8.244552866484812,-16.845551197682987,0.7766756473229876,0.297911279088362,0.5215144027417565,0.05353335652384587
C5_P5_01,C5,P5,01,High,28.19,0.0022206575954920853,0.0055445250727341995,0.22918258212375858,0.6758658225788349,0.7639419404125286,0.004351330995054,0.5347593582887701,11.886218623687114,0.743885122299377,0.620961405897088,0.06965331869147472,8.843632424346278,-8.855693800605383,-15.461707272393767,0.9198722841565621,0.27971182225625274,0.5259417581061013,0.04907400163241707
C5_P5_05,C5,P5,05,High,28.19,0.002278514591176491,0.0055598838679495,0.26737967914438504,0.6919069156899614,0.7257448433919022,0.0044114306285053,0.5347593582887701,15.328418016261198,0.6948363158396537,0.7001412177540458,0.07204563317198068,9.00816600623011,-9.184318051924969,-12.533372141848016,0.9075356638313673,0.27375750494495443,0.5248660955286901,0.04091140005972414
C5_P5_10,C5,P5,10,High,28.19,0.0023034344275845767,0.0054907692894806005,0.22918258212375858,0.611658815929361,0.7639419404125286,0.0044187761392605,0.5347593582887701,15.519120451685119,0.635083273210241,0.7680058390917931,0.07200704283407701,8.919964198753615,-9.272238072560093,-12.410544421276962,0.9048245327656491,0.27541293135238265,0.5232914442984621,0.05096791558913621
C9_P1_05,C9,P1,05,High,27.89,0.0019443345453204804,0.0063131326072057,0.3819709702062643,0.7993135317870047,0.6493506493506493,0.0048434802156496,0.4965622612681436,15.530649523796935,0.7649318669831104,0.9066913279934601,0.06362662787593332,9.545218126355685,-0.5259651661129546,-8.98572831989123,0.9680657633645683,0.305210512577943,0.48789583172061035,0.06395927786720755
C9_P1_10,C9,P1,10,High,27.89,0.0019740502195831964,0.0062904283012352,0.3819709702062643,0.751875054634887,0.6493506493506493,0.0048254503256142,0.4965622612681436,15.744468639825937,0.7486636028356388,0.9337328536156911,0.07069261523752814,9.62898101775479,-0.9380140328248682,-9.06650120810581,0.9284972883999778,0.3067224328598431,0.48899235496833915,0.06412483685646068
C9_P2_05,C9,P2,05,High,27.89,0.002018181913694232,0.0062557040685745,0.3819709702062643,0.7841670847691851,0.6875477463712757,0.0048842144116555,0.42016806722689076,20.53905428364891,0.8415967140145272,0.8427597586326748,0.06576283655463,9.554647726635547,-0.5570970584842156,-4.9533902208152805,0.9914468498033132,0.3020185675664443,0.4931974909801968,0.06097458819198618
C9_P2_10,C9,P2,10,High,27.89,0.002090518005856725,0.006301446567368,0.3819709702062643,0.7864227211666596,0.6493506493506493,0.0049019104148384,0.42016806722689076,21.14355825461636,0.78951235540415,0.865618945073787,0.06611787433345295,9.619988693604997,-1.32697274129382,-4.611019241351248,0.9456081228647013,0.3035165384329955,0.49276117899167965,0.06269548273064353
C9_P3_05,C9,P3,05,High,27.89,0.002052901293798831,0.006366554503606899,0.3819709702062643,0.9270041377488979,0.6493506493506493,0.0049560000849445,0.5347593582887701,19.757878033228607,0.7811644439479891,0.8493506231429072,0.06891804723717807,9.62993862840979,-0.8497868486628394,-5.5811364375382135,0.9657694641337888,0.3131868808949721,0.49855932874230063,0.061040514701936124
C9_P3_10,C9,P3,10,High,27.89,0.002038651664992916,0.0062904283012353,0.3819709702062643,0.8677239102288771,0.6493506493506493,0.0049289552498915,0.5347593582887701,15.87642365023451,0.8296691867385659,0.9162536850766493,0.06705043071300167,9.582063602502588,-0.7182993001164298,-9.576248222169387,0.9804299558570863,0.31257212297710996,0.5023338854182385,0.05892949351159882
C9_P4_05,C9,P4,05,High,27.89,0.001968501268651057,0.0062660545610022,0.30557677616501144,0.8593408662723752,0.6875477463712757,0.0047870533375759,0.42016806722689076,14.980450607926073,0.9003588980465412,0.8087836781479723,0.06176096155191327,9.532534580540931,-1.057492154333456,-9.728328436616533,0.9568432574247038,0.3104484256462897,0.4917431288700665,0.05192811192184889
C9_P4_10,C9,P4,10,High,27.89,0.0020440399804988875,0.0063027821147781,0.30557677616501144,0.8637281892962136,0.6875477463712757,0.0049139303415287,0.42016806722689076,20.01468609872294,0.8927050148627124,0.8206995645514803,0.06512684794921342,9.473350800255556,-0.8091413625485854,-4.978695154692384,0.9620644980243304,0.30718092323882135,0.4937934967384784,0.0506743910303862
C9_P5_05,C9,P5,05,High,27.89,0.0019713852416891058,0.0062670562215598,0.30557677616501144,0.871689816065938,0.6875477463712757,0.0048037476802013,0.42016806722689076,20.408843550310372,0.8734099687270324,0.8972542082018157,0.06222778250106987,9.665054385304815,-0.6583728116330465,-4.556079145158114,0.9512211351803399,0.3077241514014737,0.4980861555151423,0.050969780057096986
C9_P5_10,C9,P5,10,High,27.89,0.0020234179024971716,0.0063431824239314,0.30557677616501144,0.8698394202664576,0.6875477463712757,0.0049039137359534,0.42016806722689076,15.531436978433128,0.8492732133257325,0.8573746117010331,0.06415893794317716,9.642181507560249,-0.6555305881107614,-9.495854780017137,0.9567789379173214,0.3158158886436677,0.4974064396968631,0.05014122082009369
C10_P1_05,C10,P1,05,High,38.98,0.0020845171218599233,0.0062640512398872,0.22918258212375858,0.935964843886204,0.6875477463712757,0.0048979037726083,0.5729564553093965,20.28884185564834,0.811927347817935,0.962873058153562,0.0663231928582611,9.715633537418203,-1.3623984000886284,-5.3646902836873505,0.9722186043390108,0.3069648873319085,0.49922364029783073,0.059067303672017804
C10_P1_10,C10,P1,10,High,38.98,0.002113825703107118,0.006265720674149699,0.34377387318563785,0.9335208148130079,0.6875477463712757,0.0049132625678236,0.5729564553093965,18.870275853913164,0.8364770356335791,0.9333134958790542,0.06682673350277106,9.79413199072741,-1.4752943137650234,-6.995883713403778,0.9884839346079708,0.30972980301633063,0.49883086060909604,0.05858308526073936
C10_P2_05,C10,P2,05,High,38.98,0.0020595858118778324,0.0063809116382648,0.34377387318563785,0.8429793367312088,0.6111535523300229,0.004928621363039,0.45836516424751717,21.295437045647596,0.6928427464422937,0.9269341050350688,0.0620636445848095,9.863762643467012,-1.3224702503057326,-4.40323481996405,0.9405664675854665,0.3245449906159974,0.4960257212948459,0.052677840626520214
C10_P2_10,C10,P2,10,High,38.98,0.0020526289493799635,0.0063391757817013,0.34377387318563785,0.7984053774877737,0.6111535523300229,0.0049356329869416,0.5729564553093965,19.382460771105848,0.648635306272349,0.9175649384057418,0.06398248134590702,9.894322441396312,-0.9510078097589527,-6.526125658686221,0.9930370103081464,0.32114313922269255,0.5036556741762952,0.05505591755285587
C10_P3_05,C10,P3,05,High,38.98,0.0020552999550863065,0.0062840844510376,0.34377387318563785,0.8529763633499293,0.6111535523300229,0.0048888888275906,0.45836516424751717,16.282034293222136,0.5868769315199266,0.9703912017154408,0.06302272205346632,9.723345160636672,-1.1631478134373607,-9.243277563593747,0.8432637189225893,0.3264631605869321,0.4903598506550328,0.05274252974379066
C10_P3_10,C10,P3,10,High,38.98,0.0020683779495915414,0.006297439925138,0.34377387318563785,0.8021396727838158,0.7257448433919022,0.0049426446108443,0.45836516424751717,15.762126474837405,0.5667179688305343,0.9089350238470213,0.06734821182992111,9.800871775205149,-0.8865275943263928,-9.886693315307824,0.9480392636333538,0.327981963733947,0.4882793886040278,0.050230016704082184
C10_P4_05,C10,P4,05,High,38.98,0.0020512382920309163,0.006207290474961,0.34377387318563785,0.8912956170222993,0.6875477463712757,0.0048645150873576,0.45836516424751717,18.801421608172564,0.8685299700234972,0.9367214803822533,0.06661282417225751,9.630141142548576,-0.5620399813799748,-6.563565912919046,0.9585193141716486,0.30280019499112665,0.49689907612073503,0.05377707858023983
C10_P4_10,C10,P4,10,High,38.98,0.0020303491264241766,0.0063047854358931,0.34377387318563785,0.8784432154485001,0.6875477463712757,0.0048882210538856,0.45836516424751717,16.627784243591524,0.9045818394489678,0.939386967440743,0.06308513751267017,9.72520232199037,-0.7306985494270996,-8.821450796338233,0.9432726110729261,0.3022959609101507,0.4973982725249178,0.05254161404202313
C10_P5_05,C10,P5,05,High,38.98,0.00203122845770746,0.0062690595426749,0.34377387318563785,0.7816860627661868,0.6111535523300229,0.0048868855064756,0.4965622612681436,18.81210973113483,0.7166571699301914,0.7185573144968967,0.06513326793269353,9.63854075611158,-0.8512492933931417,-6.338501789187703,0.8945654781274495,0.3223680597339251,0.49363698542037304,0.054072182689128785
C10_P5_10,C10,P5,10,High,38.98,0.0020328452587805895,0.0062713967506424,0.34377387318563785,0.7861103829544949,0.6111535523300229,0.0048728622586703,0.45836516424751717,16.23118459207656,0.7397720385162152,0.7541561848812866,0.0671566505328759,9.646509711616654,-1.0994772797790084,-9.10292318704712,0.9689151859728948,0.3218556111863642,0.4928899912602197,0.0530436107418084
C10_P6_05,C10,P6,05,High,38.98,0.002041617533832967,0.006285753885300199,0.34377387318563785,0.8595879441944348,0.6111535523300229,0.00485817123716,0.4965622612681436,14.61837804797633,0.6689411640151274,0.7671353152834435,0.06529304447429919,9.880429597294246,-1.2437009420908764,-11.129524896449645,0.97597873158908,0.31754794419478816,0.49783620010350704,0.05551762368412537
C10_P6_10,C10,P6,10,High,38.98,0.001970355109243034,0.0062416808207693,0.34377387318563785,0.8806773035860852,0.6111535523300229,0.0048314602889594,0.4965622612681436,16.199409098626234,0.6673018052748608,0.8457076374069564,0.06524371661729107,9.687482244182174,-0.7033797175959404,-9.222124102183395,0.9828797269721955,0.3223333633551191,0.4989223497159686,0.05430656030519175
C12_P1_05,C12,P1,05,High,34.54,0.0020486316500188816,0.0062633834661822,0.34377387318563785,0.8883761797406267,0.6111535523300229,0.004931960231564,0.45836516424751717,16.4868402294148,0.5408283064551166,0.9348734363557449,0.06411223905846322,9.892612346214168,-0.4214526422383586,-9.257476788893895,0.9936487484085773,0.3151992849246408,0.49387692654078696,0.05280568364408732
C12_P1_10,C12,P1,10,High,34.54,0.0020558405329690033,0.0062790761482501,0.34377387318563785,0.8735096986235757,0.6111535523300229,0.0049159336626437,0.45836516424751717,19.203655704553647,0.5263003437870628,0.9779894477191166,0.06604923599858104,9.914679657363125,-0.785972774079045,-6.516127485601048,0.9626780902615986,0.31820684566271423,0.49193039023558677,0.04969298368359599
C12_P2_05,C12,P2,05,High,34.54,0.0020798998932584412,0.0062713967506424,0.3819709702062643,0.9144308767164397,0.6875477463712757,0.0049166014363487,0.5347593582887701,15.809700580181952,0.8526851054495725,0.7404907246940128,0.0659520691411624,9.81881784290887,-0.9977409108967975,-9.521544714888723,0.9804704755711491,0.3104835969099285,0.49677604618803917,0.05766317889628519
C12_P2_10,C12,P2,10,High,34.54,0.002081264232199032,0.0062463552367043,0.3819709702062643,0.9330513849198282,0.6875477463712757,0.0048882210538856,0.5347593582887701,18.777986934378287,0.8669156121492395,0.7415807044856993,0.06714689979456161,9.790506667252956,-1.268321004321435,-6.453706725208979,0.9853639077630523,0.3088633727383882,0.4962950904048277,0.059751922065651226
C12_P3_05,C12,P3,05,High,34.54,0.0021364263072420854,0.006322481439076,0.3819709702062643,0.8185990478446746,0.6493506493506493,0.0049713588801599,0.4965622612681436,18.89665284835793,0.5655301826266749,0.8767124561278474,0.06719293169061302,9.911901579588529,-1.5285592493206253,-7.2778633330702345,0.945431907971778,0.33219011185783476,0.4910563671375082,0.05320899498398567
C12_P3_10,C12,P3,10,High,34.54,0.0020787278624441134,0.0062760711665775,0.3819709702062643,0.8317792037840391,0.6493506493506493,0.0049496562347469,0.4965622612681436,21.099666481959673,0.6859288229438267,0.8593755553981455,0.06641927306467087,9.694350907284225,-0.680994499805616,-4.76481970633999,0.9884835845128729,0.3244689814056846,0.48846855650535764,0.05341865773237699
C12_P4_05,C12,P4,05,High,34.54,0.002111201643789259,0.0062436841418843,0.3819709702062643,0.9469620461671255,0.6111535523300229,0.0049369685343517,0.4965622612681436,20.90059363839845,0.9330862020273992,0.7007381973318277,0.0642840074957375,9.557169167055374,-1.080044321001591,-4.390609830969402,0.9425266783736285,0.31318715646647194,0.49285715572665084,0.05698382263553324
C12_P4_10,C12,P4,10,High,34.54,0.0020722505300436555,0.006289426640677801,0.3819709702062643,0.9320768222969689,0.6111535523300229,0.0049216097391363,0.4965622612681436,20.961180897562578,0.9383867083629275,0.6860923877998217,0.061529065248006186,9.62035936579927,-1.1261926156928583,-4.1401617263790165,0.8566328656791723,0.30843451458566246,0.49162241948275254,0.0580666215627292
C12_P5_05,C12,P5,05,High,34.54,0.0021197219997440586,0.0062640512398872,0.26737967914438504,0.8340523333850334,0.6111535523300229,0.0049580034060596,0.4965622612681436,20.0700716162854,0.8346691642805006,0.8402955543352915,0.06077445583215207,9.783478126833407,-1.0827588745207655,-6.101431853726491,0.9558382223931708,0.3170244881559496,0.49892040852826314,0.05353651423268956
C12_P5_10,C12,P5,10,High,34.54,0.0020912236100373094,0.0062800778088074995,0.26737967914438504,0.8272622143746198,0.6111535523300229,0.0048892227144431,0.4965622612681436,21.091212048001516,0.85096442952319,0.8000076822947086,0.06747127695534273,9.859589859469388,-1.5134249769999606,-4.941703317015019,0.970428917798899,0.314380680490059,0.4992102840073224,0.05374405594861567
C3_P1_05,C3,P1,05,Low,,0.0019921555194613344,0.0054804187970529,0.30627871362940273,0.8020706327001146,0.6891271056661562,0.0040785454365557,0.42113323124042873,11.210565474800283,0.595364547536694,0.9322798854450807,0.06245556935377147,10.407872470122152,-5.060616719694467,-14.813038705132765,0.9531435946792688,0.3050970503449173,0.47709140426904284,0.04099493861257827
C3_P1_10,C3,P1,10,Low,,0.0019215216716842328,0.0054757443811177,0.30627871362940273,0.7336987015741769,0.6891271056661562,0.004024789653302,0.42113323124042873,9.440538583225184,0.6263518372221365,0.9161168746587327,0.06146509989022754,10.41763415700795,-4.924155073074345,-16.267931592686416,0.9473128204246234,0.3042595266821266,0.4770172608031282,0.0444399876879108
C3_P2_05,C3,P2,05,Low,,0.0019092583575342637,0.0054991164607933,0.2679938744257274,0.9195141693458717,0.7656967840735068,0.0040735371337681,0.57427258805513,15.201628825925773,0.841325451297658,0.7787620531062263,0.07874435648269465,10.398442370722776,-4.494440278599878,-10.902705197180978,0.7484456187214983,0.30957766818314975,0.5113313559479792,0.05039674218129156
C3_P2_10,C3,P2,10,Low,,0.0019426948263419814,0.0055021214424658,0.2679938744257274,0.8776561849347017,0.7274119448698315,0.0040808826445232,0.57427258805513,11.690201755615593,0.7204247187710244,0.6479640782429793,0.07721641821164563,10.39389798354507,-4.955197799187462,-14.467378043104379,0.7205686435972418,0.304378571548871,0.5163115321295121,0.05037081403192316
C3_P3_05,C3,P3,05,Low,,0.0019332913550267879,0.0055027892161708,0.30627871362940273,0.8868375538756768,0.7656967840735068,0.0040344723720247,0.57427258805513,7.32543088689833,0.7743238902905403,0.8431511935876493,0.06762280646591992,10.621581559379017,-5.32718893972011,-18.734792607011997,0.8739100360725935,0.3078428949197035,0.5005465205947855,0.045749826154444326
C3_P3_10,C3,P3,10,Low,,0.001928000334569162,0.0054887659683656,0.30627871362940273,0.9593741860379884,0.7656967840735068,0.0040321351640572,0.57427258805513,11.232574629200458,0.802916690823536,0.7477549056774464,0.06950765529273485,10.62405284607779,-4.947882383741798,-15.09913335462403,0.8720697060656266,0.3119402106152431,0.49926201384322094,0.046423673365428006
C3_P4_05,C3,P4,05,Low,,0.002057643616827874,0.0054737410600028,0.3445635528330781,0.9433291075299942,0.7656967840735068,0.0041613493759775,0.42113323124042873,10.223221614924876,0.9372684701936308,0.6875716466319178,0.06534801207329533,10.637543113060795,-4.580967391560013,-17.135977881501997,0.9209374895627304,0.3046028277379551,0.48847130393184884,0.05034078041102959
C3_P4_10,C3,P4,10,Low,,0.00199042282774666,0.0054540417357048,0.30627871362940273,0.9516086969495114,0.7656967840735068,0.004068862717833,0.49770290964777947,9.919696356604174,0.8633664458997898,0.6955176297526796,0.06606599729182036,10.705530695340201,-4.554223289880928,-17.052012469909332,0.9420572173694995,0.3033873030443574,0.5019827952027076,0.05352660321825099
C3_P5_05,C3,P5,05,Low,,0.0020398666033107325,0.0054393507141944995,0.3828483920367534,0.7406855838490933,0.6508422664624809,0.0041449889202046,0.42113323124042873,11.688164304081354,0.6612673508396194,0.941905119232596,0.06869854801145436,10.297633542675593,-4.148784139030291,-14.805681378255882,0.8433130877507418,0.3286437175398021,0.4857588558451067,0.05176492631083373
C3_P5_10,C3,P5,10,Low,,0.00205354097305133,0.0055011197819083,0.3828483920367534,0.7960217767552322,0.6508422664624809,0.004208427422181,0.42113323124042873,10.433744067349256,0.7103843368984757,0.9231157380485412,0.06590781668808829,10.30395242415702,-4.333196712667054,-16.209055187685518,0.8249571126511305,0.321781193689894,0.48846327335768347,0.055486579613954146
C3_P6_05,C3,P6,05,Low,,0.00196523646979477,0.0054827560050204,0.30627871362940273,0.8980805136183062,0.7656967840735068,0.0040999141951161,0.45941807044410415,10.749413196254755,0.8315161342132544,0.6150510952745939,0.06061515496086301,10.662691010815404,-4.453195201051255,-16.381716079673904,0.9021644102272424,0.29571039457967446,0.48672385359602177,0.04313732569067897
C3_P6_10,C3,P6,10,Low,,0.0020086852855966276,0.0054794171364953,0.2679938744257274,0.9242018199041898,0.7656967840735068,0.0041212829536766,0.45941807044410415,17.058642776453702,0.9713500242371428,0.5345356715439323,0.06156743887832358,10.708182969086735,-4.704242178892982,-10.338145584305018,0.9085957870226554,0.30012131979843215,0.49810962806824716,0.0526507292036056
C4_P1_05,C4,P1,05,Low,43.78,0.00233377965932459,0.0054720716257402,0.30627871362940273,0.9904342425548469,0.6125574272588055,0.0044865551703195,0.57427258805513,14.661182887790169,0.6685814637893407,0.8023754546288185,0.0520783951218272,8.881154784204568,-8.284204176168524,-13.50273780740581,0.8668616853473091,0.2879675498801189,0.4983615101585443,0.0486272173220377
C4_P1_10,C4,P1,10,Low,43.78,0.0022529126489220287,0.0054984486870883,0.22970903522205208,0.9348507239061595,0.6125574272588055,0.004418442252408,0.57427258805513,10.610994399563205,0.7953662161237576,0.8446455211974326,0.053594163785518865,8.918298443508274,-8.631811168404285,-17.31873236188886,0.873642289326556,0.2883587921336903,0.5065173183778835,0.050273240859270305
C4_P2_05,C4,P2,05,Low,43.78,0.0021563622441688485,0.0055355101277166,0.22970903522205208,0.9652462435632159,0.6125574272588055,0.0042792114349125,0.45941807044410415,14.31012718908362,0.8663116922604512,0.7305807889855715,0.05452813490750728,8.901829579608275,-8.89703443565161,-12.909258906843972,0.8695810363796357,0.28738746825063166,0.49109152000858386,0.051361572401085215
C4_P2_10,C4,P2,10,Low,43.78,0.0022261132314084554,0.0054924387237431,0.22970903522205208,0.8692006697809638,0.6125574272588055,0.0043459888054139,0.45941807044410415,14.647858930655373,0.819594344851622,0.5912873636497219,0.054680109176106245,8.956470101330188,-8.257566978890496,-12.68358265324618,0.8801433602046164,0.2839741200773776,0.4947399696082931,0.05039789366495228
C4_P3_05,C4,P3,05,Low,43.78,0.002216261994771132,0.0055371795619791,0.30627871362940273,0.9569126859653351,0.6508422664624809,0.0043820485854847,0.45941807044410415,10.401486748214255,0.6383342283119484,0.6882372517565167,0.05982493135903021,8.92222144779982,-7.947152140150317,-17.100269701959917,0.9550877143038258,0.2787241344951584,0.49342737411902027,0.03885631798519175
C4_P3_10,C4,P3,10,Low,43.78,0.002217553919876147,0.0054977809133832,0.30627871362940273,0.9836100923354422,0.6508422664624809,0.0043463226922664,0.42113323124042873,10.520349057929963,0.7710419825793055,0.6704286568239707,0.05995425472092519,9.052165279147689,-9.155105009362044,-17.397915863409633,0.9534122395384359,0.2868439901802786,0.4928962505774542,0.046776356501835696
C4_P4_05,C4,P4,05,Low,43.78,0.002328139384635357,0.0055021214424658,0.2679938744257274,0.8707997684520036,0.7656967840735068,0.0044812129806793,0.5359877488514548,15.606783437003537,0.958571852590302,0.8505787934137997,0.07592518930336642,8.826838694969272,-8.812108365106289,-12.658340241661083,0.827575104977853,0.30416060544222845,0.5083177957304258,0.056240250925130304
C4_P4_10,C4,P4,10,Low,43.78,0.0023247477258676813,0.0054727393994452,0.3828483920367534,0.8513056138942898,0.7274119448698315,0.0044551698061838,0.57427258805513,15.618848469235884,0.9095353045034368,0.8282068438307001,0.07925581236077872,8.90110388416582,-8.865079749630869,-12.619315250013246,0.7594209044938335,0.307510090978861,0.515168165194718,0.0584506424669436
C4_P5_05,C4,P5,05,Low,43.78,0.0022603063056505415,0.0054991164607933,0.22970903522205208,0.867788601349166,0.6508422664624809,0.0043793774906647,0.49770290964777947,18.495680465997506,0.6230927743255872,0.8255901489505326,0.05781293829601703,8.92820244519103,-8.995243720256301,-9.135018634162074,0.8856000414977919,0.2845889334693324,0.5054671834839817,0.05261305683913102
C4_P5_10,C4,P5,10,Low,43.78,0.0022425343926679047,0.0055091330663685,0.22970903522205208,0.8767893548592717,0.6508422664624809,0.0043676914508269,0.49770290964777947,14.492881799597143,0.6547042804952173,0.7973920825168782,0.06063710440008808,8.88739240914633,-8.617158125039568,-12.91743462317688,0.92033642778312,0.284041134638115,0.5038572069830433,0.050497531716718
C13_P1_05,C13,P1,05,Low,40.61,0.0020608400844855605,0.0061769067713828,0.3828483920367534,0.765747833509741,0.6125574272588055,0.0048254503256142,0.49770290964777947,16.065380348621257,0.7321636941021403,0.7377677603252011,0.06696149961129076,9.554666198788867,-1.159522074962259,-8.931348624203633,0.9287618948380727,0.3220631775116103,0.4848649108532821,0.05576927328565516
C13_P1_10,C13,P1,10,Low,40.61,0.002115376873215625,0.0063024482279256,0.3828483920367534,0.7104851391453018,0.6508422664624809,0.004927285815629,0.49770290964777947,16.213363152604575,0.6766313806727661,0.7338762083051017,0.06989979016732085,9.545076803072629,-1.500226777540452,-9.024782471199666,0.9462665905404309,0.3236233084072913,0.48450593250573043,0.05447630213214796
C13_P2_05,C13,P2,05,Low,40.61,0.002108745158228633,0.0062730661849049,0.3445635528330781,0.9199134459841662,0.7274119448698315,0.0049316263447115,0.45941807044410415,20.501478587805174,0.7604770331868194,0.9913931668590771,0.0645743268404693,9.618106281240381,-1.0115453949110582,-5.372299034985579,0.9771289091776664,0.32277310891432387,0.4973623717440916,0.049233889409979456
C13_P2_10,C13,P2,10,Low,40.61,0.0021591113779478367,0.0062657206741498,0.3445635528330781,0.8826410065854043,0.7274119448698315,0.0049843804674077,0.45941807044410415,11.941627027215711,0.8137493037171813,0.9921050791086683,0.06597983171495164,9.703790057118708,-0.9119431070705414,-14.138645905877286,0.9575725145065341,0.3200236122799369,0.49423741912302643,0.04734473101430835
C13_P3_05,C13,P3,05,Low,40.61,0.0021678630927191916,0.006256705729132101,0.3828483920367534,0.898592239690505,0.6508422664624809,0.0049974020546555,0.42113323124042873,16.58974096505872,0.7276774467809576,0.7348003264831696,0.06743516830579278,9.371466882761661,-0.742670801132809,-8.371797319283003,0.9476670198217517,0.320561487050105,0.48527051909563046,0.05840428730922556
C13_P3_10,C13,P3,10,Low,40.61,0.002188096691214201,0.0061986094167958,0.3828483920367534,0.8722316907060119,0.6508422664624809,0.0049813754857351,0.42113323124042873,19.8182842938021,0.7205147946896808,0.7915015601147599,0.06934896376796662,9.340308031165192,-0.7522311968054691,-5.305506738957738,0.938212427828916,0.32005181352349404,0.4822509422272113,0.05893340715246764
C13_P4_05,C13,P4,05,Low,40.61,0.002115670895127026,0.0062910960749403,0.3828483920367534,0.7491973171342232,0.6508422664624809,0.0050007409231805,0.49770290964777947,20.186226442764234,0.7977360519032544,0.9075095553981751,0.06515245210518034,9.690808536220048,-0.5403529894641437,-5.731328050841426,0.9792521359970263,0.31812697466591355,0.48882773216629505,0.05689001445881159
C13_P4_10,C13,P4,10,Low,40.61,0.0021304315914228667,0.0062420147076218,0.3828483920367534,0.7792142018713978,0.6508422664624809,0.0049419768371393,0.49770290964777947,12.15999603767225,0.7898521803009614,0.9123427689827266,0.06871075613227305,9.798462106485097,-1.0203725913921158,-13.863068561186793,0.9623383349472303,0.32146694487280436,0.4903582281111023,0.05759345064892933
C13_P5_05,C13,P5,05,Low,40.61,0.0020891508943127524,0.0063324980446512,0.3828483920367534,0.8525057787699096,0.6125574272588055,0.004998403715213,0.49770290964777947,16.030954689499474,0.901078303301709,0.7396070840203859,0.06341377228994735,9.49393639749728,-0.5914298504297293,-9.130273322711007,0.8929856143404282,0.3103414237468195,0.4922429482585017,0.060042595677126595
C13_P5_10,C13,P5,10,Low,40.61,0.0020728912468607214,0.006303116001630599,0.3828483920367534,0.8541941900903343,0.6125574272588055,0.0049012426411334,0.49770290964777947,15.224858518811983,0.8826380468145514,0.7429037352807525,0.06218890906418056,9.60474095881375,-1.4284386775978177,-9.963712520990146,0.9052845519818014,0.3157734950056191,0.4894662888580784,0.05903470261330109
C14_P1_05,C14,P1,05,Low,46.52,0.0022389799935366474,0.0032961310079509996,0.3828483920367534,0.7750993706172683,0.6125574272588055,0.0039887298732313,0.49770290964777947,13.77648349355029,0.8929262487761009,0.7719795046349532,0.06310405946403871,10.886088749587767,2.9657558569204157,-12.690884864954448,0.9497454141184897,0.31005504660311634,0.4926312757756014,0.06029368336162623
C14_P1_10,C14,P1,10,Low,46.52,0.0022624504355960996,0.0033412057330394,0.3828483920367534,0.8349554665194724,0.6125574272588055,0.0040615172070778,0.49770290964777947,20.990052186115847,0.8977224827661766,0.7690265712848753,0.06108957729321159,11.020435749283008,2.8955201341275427,-5.442607022951556,0.938884062702943,0.3061971930449853,0.48929233655737714,0.05991801685899873
C14_P2_05,C14,P2,05,Low,46.52,0.002272758009799024,0.0034861126270274998,0.22970903522205208,0.7663904651672973,0.6508422664624809,0.0040995803082636,0.42113323124042873,14.21973538696437,0.704777499453565,0.8338525668431482,0.06346980161368869,11.115330982708477,3.1215677439091905,-12.437915044069323,0.9685239897697454,0.3010011236372205,0.4895549780972342,0.06652900779101592
C14_P2_10,C14,P2,10,Low,46.52,0.00225051824695785,0.0034931242509302005,0.22970903522205208,0.8263780583194321,0.6508422664624809,0.0040651899624554,0.42113323124042873,21.151299748488647,0.7312555638374069,0.7660180716217951,0.06556157539249004,11.145006625858187,2.895920568148689,-5.445628732659799,0.9625646515380537,0.2980578071781464,0.4924540778302285,0.06472129467608599
C14_P3_05,C14,P3,05,Low,46.52,0.0022892531873087503,0.0035111541409655,0.3828483920367534,0.6170401010220934,0.6125574272588055,0.004141316164827,0.49770290964777947,18.13775135544017,0.8504988578009005,0.8314325958293652,0.06468606816600027,11.159059450229472,3.2977299561956355,-8.78063370838927,0.9445025810097102,0.3133823462106066,0.5022785958558018,0.06089051070531887
C14_P3_10,C14,P3,10,Low,46.52,0.0022841046108125354,0.0035058119513254,0.3828483920367534,0.5382617082259816,0.6125574272588055,0.0041045886110512,0.49770290964777947,20.660276749919696,0.8570895972201307,0.7946267181526889,0.06536334141339949,11.136452456866923,3.0477943677400714,-6.195339954121033,0.9551835905179452,0.31004712317835986,0.49500923437081323,0.06073411037005354
C14_P4_05,C14,P4,05,Low,46.52,0.002267778890617861,0.0035054780644730005,0.3445635528330781,0.8759127354003905,0.6125574272588055,0.0040638544150454,0.45941807044410415,18.309291915185536,0.8649663804536402,0.6971248427581811,0.06225507773948912,11.050988220208088,2.8051715982026773,-8.027493606214728,0.941944389179875,0.30974355538734805,0.49205965449012284,0.058951473688957055
C14_P4_10,C14,P4,10,Low,46.52,0.0023030970885707914,0.0034393684676765003,0.3445635528330781,0.8376463533697629,0.6125574272588055,0.0040935703449185,0.45941807044410415,22.859142857775158,0.8617548047642641,0.7096542638723258,0.06685960776171931,10.924018854905851,3.1369167372726317,-3.7528172940685076,0.9707667553637379,0.31259869009961566,0.4913943844511347,0.05770507781243267
C14_P5_05,C14,P5,05,Low,46.52,0.0022898111745751843,0.0034096525378034,0.3828483920367534,0.8279293929693202,0.6125574272588055,0.0040808826445232,0.49770290964777947,20.895304749230764,0.9156063602018754,0.9059274240425371,0.06760309943450774,11.175804565498096,3.981871614846823,-6.491129761555613,0.9659828714227953,0.31105126672035066,0.4959467081491569,0.059202832366924286
C14_P5_10,C14,P5,10,Low,46.52,0.0023177470667026276,0.0034577322445645004,0.3828483920367534,0.7739098987779625,0.6508422664624809,0.0041476600150247,0.42113323124042873,22.594846836628527,0.918540010626337,0.9269061263777657,0.06494386447755175,11.136031258429048,3.792498880547036,-5.075134268621588,0.9642490330695705,0.3125169113549441,0.49030745266577597,0.058836873218042846
C14_P6_05,C14,P6,05,Low,46.52,0.0022300120412522316,0.0031572340773080004,0.3445635528330781,0.7520334197224032,0.6125574272588055,0.0040277946349746,0.45941807044410415,17.96925402880121,0.8369041627305785,0.953213005714711,0.0660690599648042,10.943661908334366,4.232211725910887,-9.043030473801583,0.9689399338414021,0.3124073662702692,0.5003878739884138,0.05792252936506385
C14_P6_10,C14,P6,10,Low,46.52,0.002296952438218705,0.0032049798972165005,0.3445635528330781,0.7283699280081815,0.6125574272588055,0.0041262912564642,0.45941807044410415,23.855176570323025,0.840954276027979,0.9162909463410088,0.06657915144363612,10.945146662877294,4.152059705155533,-3.2222895952767443,0.9653123647122028,0.3120130365040597,0.49793211402503457,0.05758070301525299
C14_P7_05,C14,P7,05,Low,46.52,0.0023339118413648924,0.0031251809394673004,0.3828483920367534,0.9029951048581817,0.6125574272588055,0.0040922347975085,0.49770290964777947,19.117402467824572,0.8634155401093186,0.902447397507888,0.0661618437033274,11.438033289636051,5.205977049598355,-9.371190422649565,0.9854497597135655,0.30846244268531553,0.4972485592226547,0.061282317800791485
C14_P7_10,C14,P7,10,Low,46.52,0.0023642114816538884,0.0031702556645557996,0.3828483920367534,0.8800251107188422,0.6125574272588055,0.004184053681948,0.49770290964777947,21.341381383515547,0.8651600905064041,0.9167502338995799,0.06767872850783284,11.519181081432272,5.5333719145900275,-7.355483655711092,0.9768571072510689,0.3095166146546719,0.4997645924462151,0.06087029669546525
C6_P1_01,C6,P1,01,Medium,42.8,0.0022439456494648628,0.005456045056819799,0.30557677616501144,0.9115082072803921,0.6111535523300229,0.0043726997536145,0.45836516424751717,21.466537041590232,0.7618345725747901,0.8886692150569852,0.06834568716563992,8.625731551600406,-7.222617537210654,-5.03239606951502,0.8678169012953136,0.3195127915890307,0.4852463441801503,0.04209168558718558
C6_P1_02,C6,P1,02,Medium,42.8,0.002210230852814223,0.005512138048041001,0.30557677616501144,0.9218976812969326,0.6111535523300229,0.0043553376372841,0.45836516424751717,22.632085070211552,0.7457853868050441,0.8571535839004267,0.0619514764879815,8.627606146884858,-7.345100416989851,-3.7985848509044677,0.8541858021915014,0.3140289125347357,0.4849164968364797,0.04335721325383742
C6_P1_03,C6,P1,03,Medium,42.8,0.0022116054456862815,0.0054570467173774,0.34377387318563785,0.8938694860635612,0.6111535523300229,0.0043393110683638,0.45836516424751717,11.96724426408485,0.6703799805739169,0.9360067424341578,0.06485181102979323,8.630604413717904,-7.35105471340476,-14.546059433701988,0.8626840755441753,0.3219299233390016,0.48440877892179907,0.03782693236790007
C6_P1_04,C6,P1,04,Medium,42.8,0.0021731854846789595,0.0055278307301089005,0.30557677616501144,0.8985280412678366,0.6111535523300229,0.0042929007958653,0.45836516424751717,13.902922812284666,0.7263016378530208,0.859125030705473,0.06945549912778969,8.670474445587548,-8.02774580054235,-12.446123631575292,0.8994995642920666,0.31809054520502156,0.4817390625486879,0.040732924229621936
C6_P1_05,C6,P1,05,Medium,42.8,0.0022107220631499176,0.005510802500631,0.30557677616501144,0.9113342460423546,0.6111535523300229,0.0043870568882723,0.45836516424751717,18.44036144678807,0.8406185793932341,0.9071517624509662,0.07007571422635936,8.651687832185994,-7.1444571002031525,-8.06886679582308,0.8731918149693074,0.31559734374579107,0.48364263849916306,0.04622482767031483
C6_P1_06,C6,P1,06,Medium,42.8,0.0022534812547815495,0.005510134726926,0.34377387318563785,0.9348574243364765,0.6111535523300229,0.0043970734938475,0.45836516424751717,12.058998540592356,0.789417844781381,0.867865424053447,0.06486727669765609,8.694899744225724,-7.728041865958758,-14.624249020283429,0.8232748906288546,0.31697573265650786,0.4862030018473128,0.042653964576875016
C6_P1_07,C6,P1,07,Medium,42.8,0.0022589096982552335,0.0055037908767284,0.30557677616501144,0.9085402688674634,0.6111535523300229,0.0044131000627679,0.45836516424751717,22.996346555628648,0.7373451039255107,0.9185878683662796,0.0662399408523903,8.694749395106948,-7.603197742613534,-3.8469522050929683,0.8602151991255258,0.31743493327699435,0.48555172581070644,0.04030882780959321
C6_P1_08,C6,P1,08,Medium,42.8,0.002229592296630826,0.005487096534103,0.30557677616501144,0.9078820254118304,0.6111535523300229,0.0043590103926617,0.45836516424751717,17.873220450474065,0.7657665105499619,0.7873139627334935,0.06444105332629682,8.75670275880846,-8.038243734099112,-8.745438883720162,0.823665269497786,0.31626741196201485,0.4839663741189382,0.043419924435472906
C6_P1_09,C6,P1,09,Medium,42.8,0.0022339106713835967,0.0055054603109909,0.30557677616501144,0.8912661946509057,0.6111535523300229,0.0044284588579832,0.45836516424751717,18.604202835655947,0.7307514854419724,0.8792054615517856,0.06763518534217428,8.712611103496293,-6.694063713219229,-8.083077928232758,0.844453008260532,0.31714522328186323,0.48275770140119134,0.04206510048186375
C6_P1_10,C6,P1,10,Medium,42.8,0.0022818316281423092,0.0054904354026280005,0.30557677616501144,0.8873318816951986,0.6111535523300229,0.0043877246619773,0.45836516424751717,14.350098507731111,0.7531858146033604,0.8347561849021887,0.06450285599695378,8.673466722924799,-8.018636748942619,-12.460557465473418,0.8496272956511233,0.32001166044077384,0.4814726741118786,0.04001255299477647
C6_P2_01,C6,P2,01,Medium,42.8,0.002393824125438464,0.0054984486870882,0.26737967914438504,0.8421388736262366,0.7257448433919022,0.0045276232531778,0.5347593582887701,15.912577044605227,0.8055206213450162,0.9002820041160184,0.061337904182424845,8.939234404047884,-9.125279418012884,-12.341901881542597,0.7565153966506839,0.28552751141600013,0.5101029700086839,0.04353658370578436
C6_P2_02,C6,P2,02,Medium,42.8,0.002368830629879953,0.0055114702743361,0.26737967914438504,0.8305969028872028,0.7257448433919022,0.0044775402253018,0.5347593582887701,15.882344316897942,0.734264527577897,0.8806980918842752,0.06589445506353318,8.803647086152797,-8.895579413409264,-11.908746517374313,0.7754067095946388,0.2804029510628974,0.5062369990741316,0.04937156977926452
C6_P2_03,C6,P2,03,Medium,42.8,0.0023850786453988647,0.0054987825739408,0.26737967914438504,0.7401856590623598,0.7257448433919022,0.00451193057111,0.5347593582887701,16.173806173157303,0.6128028826515496,0.8626788936425132,0.06361424911775487,8.990865236018177,-8.870568457932828,-12.109850265425116,0.7566930723774266,0.2688727065666294,0.5172875809444462,0.04070444422716898
C6_P2_04,C6,P2,04,Medium,42.8,0.0023790800430378433,0.0054123058791414,0.22918258212375858,0.7302431311517069,0.7257448433919022,0.0044615136563814,0.5347593582887701,16.12802221284997,0.528157208036859,0.8593390111729097,0.06349828749115105,8.906328007269723,-8.996303189954244,-11.957920665297197,0.7753959993338249,0.27758066166548684,0.5103133752520801,0.05942840476819923
C6_P2_05,C6,P2,05,Medium,42.8,0.0023332057066141557,0.0055034569898758995,0.26737967914438504,0.7930426608471965,0.7257448433919022,0.0044354704818859,0.5347593582887701,15.753781923685658,0.7760394799627744,0.8711156719291415,0.061301401194170546,8.919502794154381,-9.689857560307322,-12.158399799293544,0.776735606616884,0.2865411137090686,0.5132828911501314,0.04690502936961342
C6_P2_06,C6,P2,06,Medium,42.8,0.002366616335921433,0.0054497012066222,0.22918258212375858,0.7966207115477272,0.7257448433919022,0.0044605119958239,0.5347593582887701,16.00216734218585,0.699297556654815,0.8915144247753358,0.06354039650335502,8.909425849303442,-9.447575174762994,-12.09830431780217,0.7623614751680108,0.27315185354241467,0.5092604279145211,0.04533360990995154
C6_P2_07,C6,P2,07,Medium,42.8,0.0023899986274875254,0.0055178141245336,0.22918258212375858,0.8570547408165067,0.7257448433919022,0.0045463209169182,0.5347593582887701,16.037502929230687,0.7716215184946085,0.8825970624724869,0.06257576601359927,8.937660896909778,-8.913018716142862,-12.088335148451968,0.7773553854129669,0.2810385144448015,0.5047199343263994,0.04812685963001063
C6_P2_08,C6,P2,08,Medium,42.8,0.0024198324089418255,0.0055181480113862,0.22918258212375858,0.7669427391868749,0.7257448433919022,0.0045169388738976,0.5347593582887701,16.064598187367086,0.702879742037685,0.9207111761114617,0.06621650465374922,8.88653113756856,-9.688169825803948,-11.919648710210787,0.7920097690547171,0.27959584459837356,0.5089498750535186,0.05343471629146671
C6_P2_09,C6,P2,09,Medium,42.8,0.0024377409259462293,0.0055214868799113,0.26737967914438504,0.8321288708321343,0.7257448433919022,0.0045700268834463,0.5347593582887701,10.707019786745246,0.7311818660827292,0.8258192702540882,0.06378180532893277,8.934462881809173,-9.23106996234997,-17.599009456096894,0.7985381216375779,0.2777595542463336,0.5100262936999232,0.04455503451942001
C6_P2_10,C6,P2,10,Medium,42.8,0.002409446476806392,0.0054850932129879,0.26737967914438504,0.8282836997607583,0.7257448433919022,0.0045229488372427,0.5347593582887701,16.198069415722347,0.7936273912075368,0.8775819083835837,0.06371911799982932,8.926213382350435,-9.369201022345466,-12.122807890304017,0.7865723575580702,0.28207033507451457,0.5134032950939811,0.04862460680344283
C6_P3_01,C6,P3,01,Medium,42.8,0.0024461038537637717,0.0054400184878995,0.22918258212375858,0.9612977672723905,0.6493506493506493,0.0045630152595436,0.5347593582887701,15.355983643584201,0.6437817148437733,0.667088694016611,0.05022817689890303,8.890348466148296,-8.987331048637364,-13.23769655656041,0.812615957628356,0.28700969085320555,0.5009235666479119,0.05249707389356948
C6_P3_02,C6,P3,02,Medium,42.8,0.0023722335135273574,0.0054663955492476,0.22918258212375858,0.8764492091861141,0.6493506493506493,0.0044691930539891,0.4965622612681436,15.147805069459784,0.798833872581858,0.6423128616636521,0.05089271233535757,8.957613337911893,-9.489017899599565,-13.167896333418216,0.8198707830834784,0.2838238866455772,0.4902327739008101,0.04956193474811136
C6_P3_03,C6,P3,03,Medium,42.8,0.0023955015115969514,0.0055261612958463,0.22918258212375858,0.9058676573125962,0.6493506493506493,0.0045306282348504,0.4965622612681436,15.0563625894657,0.6051099908754781,0.6226921236538455,0.05121208108143185,8.981452570302858,-9.710285548935422,-13.31002740218915,0.8247394985465804,0.2770700622467041,0.49764627801633404,0.050539606256518925
C6_P3_04,C6,P3,04,Medium,42.8,0.0024285874847812675,0.0055001181213508,0.22918258212375858,0.9329948596200669,0.6493506493506493,0.0045773723942014,0.4965622612681436,15.251466939521588,0.6065878748747351,0.7241687947627929,0.05050636723454994,8.903881003580615,-8.9160857087838,-13.274903445494783,0.8173188341829766,0.2745645259066654,0.49577237023318327,0.04609757901800729
C6_P3_05,C6,P3,05,Medium,42.8,0.0024903053644610247,0.0055572127731295,0.22918258212375858,0.9283910195734965,0.6493506493506493,0.0046555019176881,0.42016806722689076,12.755281525949393,0.6860448446978372,0.610418951398122,0.05036872581685665,8.805833613221061,-8.864157577370003,-15.69205195804045,0.8028454295377816,0.2859441631587664,0.49004072344216937,0.0541627272377782
C6_P3_06,C6,P3,06,Medium,42.8,0.0025169320985624234,0.0055889320241177,0.22918258212375858,0.9286975497410669,0.6493506493506493,0.0046875550555288,0.4965622612681436,15.57555850445566,0.786169297573454,0.6910673844456302,0.05155505657570442,8.897038817798787,-9.193730999486748,-13.075095553927035,0.8285012571310395,0.28987962036189563,0.49793452130838256,0.053826952131114436
C6_P3_07,C6,P3,07,Medium,42.8,0.0024979522187843217,0.0055284985038139,0.30557677616501144,0.8351027826508537,0.6493506493506493,0.0046374720276527,0.42016806722689076,15.533211926605091,0.8376680089033879,0.667806347267532,0.05025175423651296,8.895009908447147,-9.301258219697031,-13.267101243294576,0.8101017032311008,0.28789461831139973,0.49379019115585,0.049749486197810534
C6_P3_08,C6,P3,08,Medium,42.8,0.0024842236009777917,0.0055328390328963995,0.22918258212375858,0.8731030519179629,0.6493506493506493,0.0046344670459801,0.4965622612681436,15.542100231518152,0.7456737350333087,0.6670716785692281,0.051553852481954356,8.86549461549578,-9.305793051416652,-13.176045089968657,0.829415982145184,0.2885767755206065,0.4969925313639721,0.05222067084862069
C6_P3_09,C6,P3,09,Medium,42.8,0.0024557207708330617,0.0055498672623743,0.22918258212375858,0.9249550321293264,0.6493506493506493,0.0046020800212869,0.4965622612681436,15.358541521454342,0.6516160011358653,0.6663863477583944,0.05246915616771272,8.965964041323137,-9.419032073799276,-13.276344902550377,0.845468520829133,0.2782651513198812,0.49099882623658697,0.05057200520023974
C6_P3_10,C6,P3,10,Medium,42.8,0.002475984515536163,0.0055071297452534,0.22918258212375858,0.8431867825649256,0.6493506493506493,0.004606754437222,0.4965622612681436,15.454805904261143,0.5732318018496825,0.6717810317943349,0.04861706224422063,8.871651159774592,-9.606367630791649,-13.166647517701385,0.7839841807952035,0.27654192612583656,0.49228580742175915,0.04637077120058986
C6_P4_01,C6,P4,01,Medium,42.8,0.002466741436090035,0.005478749362790299,0.30557677616501144,0.8918295814388646,0.6111535523300229,0.0045850517918091,0.5729564553093965,18.070459442012044,0.7580015165402963,0.7818773459971738,0.06048200959339904,8.82912290777828,-8.997511408648037,-10.385232967678233,0.8423751109772003,0.28775077245886244,0.5098054738037627,0.04548935072880256
C6_P4_05,C6,P4,05,Medium,42.8,0.0024021045840143824,0.0055341745803065,0.22918258212375858,0.8186933707788341,0.6111535523300229,0.0045660202412162,0.5729564553093965,12.60699888137765,0.8604071598929572,0.782555505906774,0.061296508285204845,8.940935083471722,-8.884541528940293,-15.853544546208711,0.8480302268452069,0.28561514284272504,0.5138577893651138,0.04829646914073027
C6_P4_10,C6,P4,10,Medium,42.8,0.002491507758998229,0.005488432081513101,0.22918258212375858,0.8764178969263602,0.6111535523300229,0.0046314620643076,0.5729564553093965,12.931842797226444,0.8446105260819333,0.7584941216970171,0.06155844287249405,8.840332344262958,-9.06512105896589,-15.724536251326535,0.865232395659207,0.2857292120732473,0.508725762617206,0.05013119463330289
C6_P5_01,C6,P5,01,Medium,42.8,0.0024865630236885986,0.0054901015157756,0.22918258212375858,0.7858583270351077,0.6875477463712757,0.0046140999479772,0.4965622612681436,22.332982442431366,0.47548062302405475,0.7618931352843877,0.04851136241309373,8.896787954570863,-8.576949256946687,-6.1270252982555675,0.7910048102840129,0.2684245502042039,0.4992372636694922,0.04401662940240948
C6_P5_02,C6,P5,02,Medium,42.8,0.002491856706180522,0.0055488656018169,0.30557677616501144,0.8722821824010318,0.6875477463712757,0.0046498258411955,0.4965622612681436,12.828488238520634,0.6763363726770283,0.7472888389455248,0.05063913744824944,8.825767706152302,-8.711825000557347,-15.60138531852219,0.7930384204360068,0.2853660678726487,0.49507246665697996,0.04555597547613426
C6_P5_03,C6,P5,03,Medium,42.8,0.002462802391925289,0.005506795858401,0.22918258212375858,0.8270846268517151,0.6493506493506493,0.004602747794992,0.4965622612681436,15.358619646793164,0.6432850826629287,0.7575141032185927,0.04896556291738929,8.87111101734082,-8.903806691139915,-13.093743934285524,0.791162212758634,0.2771085649351746,0.49987735552595336,0.04883993655479517
C6_P5_04,C6,P5,04,Medium,42.8,0.0024842353601648662,0.0055261612958464,0.22918258212375858,0.9288873586512112,0.6493506493506493,0.0046411447830303,0.5347593582887701,15.429285111250257,0.5918891951216676,0.6869706926838922,0.04875926815005454,8.849914642881947,-8.441144081679044,-13.02179149184591,0.7857723352736029,0.27127608102819406,0.4929005665969113,0.042978097085047434
C6_P5_05,C6,P5,05,Medium,42.8,0.0024509505740580068,0.0054937742711532,0.22918258212375858,0.8605600958433209,0.6493506493506493,0.0045706946571513,0.5347593582887701,15.348495355587099,0.6218149243682494,0.7611646147583464,0.04941160014190949,8.869950892476949,-8.696784316306914,-13.101874262457427,0.818127589929318,0.27977206431989804,0.500102871189596,0.050052439106155346
C6_P5_09,C6,P5,09,Medium,42.8,0.0024930025819924215,0.0056082974615631,0.22918258212375858,0.7975311344380354,0.6493506493506493,0.0046591746730657,0.45836516424751717,15.302828494115627,0.7081114511276214,0.6780112443644708,0.048851866224921346,8.835245762525178,-9.064581261284081,-12.947389828800109,0.8058568226339883,0.2745847391788847,0.49605917247773534,0.044537637215812505
C6_P5_10,C6,P5,10,Medium,42.8,0.0025009013610122178,0.0055181480113862,0.22918258212375858,0.8388187585039144,0.6493506493506493,0.0046511613886055,0.45836516424751717,15.454254226382073,0.5787190741143476,0.7069205435414084,0.04981481168723668,8.815954621662602,-8.083674128306805,-13.004664413744585,0.8125726331937182,0.26917258448720893,0.49458949033657595,0.040934753799559916
C7_P1_05,C7,P1,05,Medium,8.84,0.0018144514019657453,0.0054757443811177,0.26737967914438504,0.8465657666062235,0.7639419404125286,0.0039323029951575,0.5729564553093965,7.583344070206145,0.8680846645788117,0.7704017333191581,0.0628560551345359,9.876483036217994,-6.2669123417337085,-18.478959713843288,0.7712146402436004,0.29658513177589646,0.49571738680976934,0.05326013191390839
C7_P1_10,C7,P1,10,Medium,8.84,0.0018744701563550602,0.0054944420448582,0.34377387318563785,0.7717979699665998,0.7639419404125286,0.0040287962955321,0.42016806722689076,8.510510188176124,0.9649892256029542,0.725655459402448,0.062147714603995555,9.96963552144564,-6.394064372080151,-18.131124624531175,0.7542650817540568,0.30439918480565625,0.4840071063518977,0.05565378089607532
C7_P2_05,C7,P2,05,Medium,8.84,0.0018818553538697922,0.0054507028671798,0.22918258212375858,0.7724755057075079,0.6111535523300229,0.0039940720628714,0.45836516424751717,8.618905975229357,0.653409116101107,0.7181430480326451,0.04629025926309642,9.848055582250138,-6.7998596912465326,-17.888395261457266,0.7043375596345157,0.29511201892176725,0.47851402610975236,0.06430667509885592
C7_P2_10,C7,P2,10,Medium,8.84,0.0018474174905008692,0.0054804187970529,0.22918258212375858,0.8357998596599626,0.6111535523300229,0.0039533378668655,0.42016806722689076,9.99184316787449,0.5918210788524395,0.8558192066406568,0.04705733496333335,9.836141286659688,-6.981324660605966,-16.20900100210969,0.722251057397072,0.28233102029807045,0.48345530638682527,0.05618011067092882
C7_P3_05,C7,P3,05,Medium,8.84,0.0019259642446318376,0.0054707360783302,0.22918258212375858,0.9697055211373916,0.6493506493506493,0.0040368095799923,0.4965622612681436,8.818629459564685,0.6674791107675363,0.7497072403637879,0.0538062051317112,9.674037955974434,-6.64766597869774,-17.58135677956233,0.8663588046904387,0.2764676746045243,0.49600877780394315,0.04507059053494027
C7_P3_10,C7,P3,10,Medium,8.84,0.0019390720622521126,0.0054917709500381,0.22918258212375858,0.9764738948090597,0.6493506493506493,0.0040745387943256,0.5347593582887701,12.897845638435292,0.6200027156544339,0.7863216995874536,0.052221138996090925,9.681124396360445,-6.367319640740296,-13.451355296632919,0.8428408601391401,0.2726380164716891,0.4994917613041646,0.04664693768428647
C7_P4_05,C7,P4,05,Medium,8.84,0.001957546104147036,0.0055328390328963995,0.26737967914438504,0.7845391172591694,0.6111535523300229,0.0041049224979037,0.5729564553093965,9.606377823178523,0.7881193501746974,0.9476705250025097,0.055132461817157294,9.839560244508288,-7.0995551132090515,-17.208473010498317,0.7350333694931004,0.28704840438631246,0.5104277111398244,0.04362928875391148
C7_P4_10,C7,P4,10,Medium,8.84,0.001992600581992648,0.0054413540353095,0.26737967914438504,0.7315125893006745,0.6111535523300229,0.0040898975895409,0.5729564553093965,10.454927022238296,0.7363210367744317,0.9409664329765374,0.0590677850654358,9.850296989565882,-6.524797042216609,-16.54117809692539,0.7803630959263795,0.2870861052732943,0.5157327546347373,0.03900706167317404
C7_P5_05,C7,P5,05,Medium,8.84,0.001893385280589108,0.005510802500631001,0.22918258212375858,0.8144704814064692,0.6493506493506493,0.0040321351640572,0.42016806722689076,12.470158537089775,0.8890347269790341,0.9356618632026106,0.05735920666692211,9.787374842006113,-6.691723267872672,-13.985743296409673,0.909550742574979,0.29807491646402456,0.49287888912721045,0.058051496265339425
C7_P5_10,C7,P5,10,Medium,8.84,0.001962079397318189,0.0054747427205601995,0.22918258212375858,0.8685259676208553,0.6875477463712757,0.0040895637026884,0.5729564553093965,20.189044502743325,0.6762754651869359,0.9106998609336735,0.057714176192250624,9.712940965546613,-6.223042224686451,-6.716134236223298,0.9254906705320517,0.28711252512813645,0.4946360678453447,0.05641106692918765
C7_P6_05,C7,P6,05,Medium,8.84,0.001979543657050592,0.0055421878647667,0.34377387318563785,0.8347241049824426,0.7639419404125286,0.0041763742843403,0.45836516424751717,10.678698911874276,0.9073981275228423,0.7341522600686986,0.062353419372009965,9.518125705496006,-6.972773767971568,-16.512434714787645,0.6736036106695358,0.30555627090196635,0.4986889806416627,0.051283558341587474
C7_P6_10,C7,P6,10,Medium,8.84,0.0018935854948213314,0.0055548755651620004,0.22918258212375858,0.919626152562696,0.7639419404125286,0.0040691966046855,0.5729564553093965,8.702572223245648,0.9133042480269596,0.8151545021212616,0.06333949398691455,9.61573811260902,-7.339116990119253,-17.992518513980762,0.6128203330117957,0.29339014684108755,0.503472625357311,0.05126223611669467
C15_P1_03,C15,P1,03,Medium,67.43,0.0025740902300640973,0.0063064548701556,0.26737967914438504,0.9348978910546463,0.6493506493506493,0.0054331243971773,0.42016806722689076,18.933468424605586,0.4895812580190424,0.9721715038866571,0.06521344694865859,8.993205607955424,-0.34970667388255344,-4.637867473056718,0.9657897610494127,0.30067047661602536,0.48730578834768346,0.050031567164452805
C15_P1_05,C15,P1,05,Medium,67.43,0.0025957423355880338,0.0063131326072058,0.26737967914438504,0.8824522429451246,0.6111535523300229,0.0054461459844251,0.42016806722689076,14.010933289725909,0.4594133578842775,0.9638141812460514,0.06677780768950814,9.007670480911989,-0.37393125733320537,-9.904101725730083,0.9890930010170934,0.3021790773131129,0.48793582029266447,0.05010583130757323
C15_P1_10,C15,P1,10,Medium,67.43,0.002572452004947222,0.006301446567368,0.26737967914438504,0.8537214560484659,0.7639419404125286,0.005419101149372,0.42016806722689076,16.73371619494202,0.5109877930229443,0.9960312542588257,0.06766059123115609,9.014256632341205,-0.4913056628066368,-7.122209129113562,0.9862717856589107,0.30193120286008307,0.4861698162609546,0.05016306757011406
C15_P1_09,C15,P1,09,Medium,67.43,0.0026019296944959493,0.0062580412765421,0.26737967914438504,0.8639950893441379,0.6493506493506493,0.00544013602108,0.42016806722689076,20.02921237258566,0.45720134616878866,0.9793705524027746,0.0661139581206237,8.993516120943308,-0.3678408470568571,-3.96672517176488,0.9388667505122169,0.30090069276923137,0.4871996592194354,0.050303160425895964
C15_P2_01,C15,P2,01,Medium,67.43,0.0025912645888281132,0.0063011126805155,0.3819709702062643,0.9537521920179324,0.6875477463712757,0.0054564964768528,0.5729564553093965,22.521772829885442,0.8720045815446785,0.9458193580292147,0.06720285271779713,9.602915633193561,-0.8296947622498613,-5.1316807779693505,0.9779020349502793,0.3158480515496233,0.5054921695673967,0.053728569553340814
C15_P2_03,C15,P2,03,Medium,67.43,0.0025756849362996875,0.0063588751059992996,0.3819709702062643,0.9492120779134389,0.6493506493506493,0.0054301194155048,0.5729564553093965,19.265867680549597,0.8813310876867814,0.9858905470468524,0.06455091530699361,9.666121003309053,-1.4385739487679274,-8.324944842603749,0.9615492690537478,0.31704566301468434,0.5040711939043222,0.05370761475927667
C15_P2_06,C15,P2,06,Medium,67.43,0.0026092777558761335,0.0063585412191467,0.26737967914438504,0.9751543432061294,0.6493506493506493,0.005512589468074,0.5729564553093965,19.366081457273594,0.8461700579244545,0.8997516734239732,0.06634106516998144,9.692883405265796,-0.9341623909827416,-8.285007205951288,0.9231490061758071,0.31486981698788535,0.5017894016243841,0.052836096314419385
C15_P2_10,C15,P2,10,Medium,67.43,0.0026075817007491647,0.0063485246135715,0.26737967914438504,0.9780304790360798,0.6493506493506493,0.0054852107461684,0.5729564553093965,19.398324861643236,0.8792309453303959,0.9275318900625102,0.06842773211179246,9.625791223402697,-1.0734409425111842,-8.30280064676705,0.9651168408914081,0.313692205111176,0.5025595213373912,0.05290284779734301
C15_P3_01,C15,P3,01,Medium,67.43,0.0025645685904497413,0.0063849182804948,0.22918258212375858,0.9516250658434066,0.6111535523300229,0.0054591675716729,0.45836516424751717,21.026091128188185,0.8515551572743132,0.9850202619071455,0.06406556326713349,9.014009375933087,-0.5177508148692272,-3.0124481228240603,0.979478558920006,0.3033435005252746,0.4879363155513667,0.061670224229364835
C15_P3_05,C15,P3,05,Medium,67.43,0.0025731586937817923,0.006323816986486,0.22918258212375858,0.9226735734069039,0.6111535523300229,0.0054321227366198,0.45836516424751717,13.925950270602339,0.8549216894006899,0.9624162604903013,0.06513960665937014,9.11925467533581,-0.47723085326846454,-10.628251920853206,0.9757347286279218,0.30496404672510274,0.49024526805432683,0.061813391325990244
C15_P3_10,C15,P3,10,Medium,67.43,0.0025092075414130935,0.006227323686111399,0.22918258212375858,0.9357521920181847,0.6111535523300229,0.0053062473932246,0.45836516424751717,13.2540110045424,0.882450891479083,0.9307575780302758,0.0680067187917324,9.029833759658352,-0.5491971639325101,-11.036625898065447,0.9702542310145519,0.3029264533876012,0.4876347484064049,0.06070394003349603
C15_P3_12,C15,P3,12,Medium,67.43,0.0025548566818041915,0.00638959269643,0.3819709702062643,0.9282125845175625,0.6111535523300229,0.0054384665868175,0.45836516424751717,21.157971337561207,0.8707668957773749,0.9181318155535365,0.06596327515084872,9.032257605313266,-0.5552301725341856,-3.175374981297179,0.9191231296746087,0.3056520005285296,0.4858015331674587,0.061345200169465805
C15_P4_01,C15,P4,01,Medium,67.43,0.002562637085346459,0.0062951027171704,0.22918258212375858,0.9665151727494038,0.6493506493506493,0.0053776991796611,0.42016806722689076,21.639409942895806,0.8318788104543019,0.9542581292834937,0.0674156951234233,9.341384265365592,-0.5676556345597265,-2.5188620780909776,0.9866474162345948,0.2840107836392642,0.4960399376908514,0.048745377353071474
C15_P4_03,C15,P4,03,Medium,67.43,0.0025504960939366265,0.0063067887570081,0.22918258212375858,0.9304818070754997,0.7257448433919022,0.0053807041613337,0.5347593582887701,13.556103407232548,0.9026344750105139,0.970744626611267,0.06478405941955921,9.248842659216896,-0.6257818750553206,-10.775269382248027,0.9478908521826351,0.2896573603625548,0.5023124065843669,0.05130684302995334
C15_P4_09,C15,P4,09,Medium,67.43,0.0025589700976326934,0.0063031160016306,0.22918258212375858,0.9258821224001023,0.6493506493506493,0.0054070812226818,0.5729564553093965,13.596396260785843,0.941079420078032,0.9784139840018228,0.06420898463814315,9.256954809882048,-0.4662910382999928,-10.699379450428522,0.9735190343439428,0.29339729042407575,0.5026235912127991,0.05261081924212109
C15_P4_12,C15,P4,12,Medium,67.43,0.0025234253665982346,0.0062927655092028,0.22918258212375858,0.9242054057537732,0.6111535523300229,0.0053776991796611,0.45836516424751717,21.114186317031724,0.8827781502806759,0.9622324962994758,0.06270417741474309,9.232794009499967,-0.4213175765043541,-3.045677655947525,0.9683831300489076,0.28860280722879594,0.49778850044340794,0.05255658832809791
C15_P5_01,C15,P5,01,Medium,67.43,0.002613352720331252,0.006395268772922499,0.3819709702062643,0.6715682454807349,0.6493506493506493,0.0055012373150888,0.42016806722689076,14.50185280411937,0.869609625700046,0.9316106612448937,0.06525042647057562,9.22068251433019,-0.4161876502316349,-10.417615656882566,0.9915123376042148,0.3204923470599499,0.4625069929213758,0.055622553227319835
C15_P5_05,C15,P5,05,Medium,67.43,0.0025452423237585188,0.006217974854241201,0.3819709702062643,0.6806532268246184,0.6111535523300229,0.0053529915525756,0.42016806722689076,13.46005577719193,0.8879417116446203,0.9014393069439758,0.06863830320192281,9.17141619655247,-0.27149756022390203,-11.375738764819294,0.978144015449734,0.31916179013012247,0.4635538091764203,0.05597308143293761
C15_P5_10,C15,P5,10,Medium,67.43,0.0025430426463819832,0.0063558701243266996,0.3819709702062643,0.672014836071254,0.6111535523300229,0.0054504865135077,0.42016806722689076,18.26867117899013,0.8732045634567107,0.8745127244184945,0.06490798595738635,9.16802597076314,-0.27957373689573933,-6.710610136936168,0.9447470868036912,0.31992589515208153,0.4630271499637529,0.056041505884147164
C15_P5_12,C15,P5,12,Medium,67.43,0.0025798359486379923,0.0063615462008193,0.3819709702062643,0.6628913453863844,0.6111535523300229,0.0054518220609177,0.42016806722689076,18.33077484775646,0.8609819044614602,0.9279521963880528,0.0662346127720962,9.144833695171796,-0.40616053610855624,-6.629143265485667,0.97944700917283,0.32171846982350966,0.4617415612093731,0.05521329451141852
C16_P1_01,C16,P1,01,Medium,62.09,0.0025292395846800643,0.0063184747968459,0.3819709702062643,0.9021535188550133,0.6111535523300229,0.0053907207669089,0.4965622612681436,22.13331048576984,0.8671422636857139,0.8023322012801773,0.06381219008126156,9.148271037476768,-0.4516980653403864,-3.398173451126562,0.9818815491276924,0.31454878002996606,0.49030198406018827,0.059611319481527335
C16_P1_05,C16,P1,05,Medium,62.09,0.0025678774647854095,0.0062723984111999,0.3819709702062643,0.9158549418073915,0.6111535523300229,0.0053646775924134,0.4965622612681436,13.98366525799992,0.8668781658981618,0.8366218622695154,0.06401777659362508,9.314317620240269,-0.8298465717537489,-11.8835816826622,0.9767940311646571,0.3155401215275428,0.4898455104749826,0.05934002633223124
C16_P1_10,C16,P1,10,Medium,62.09,0.0025116762514920147,0.006322481439075899,0.3819709702062643,0.9223326495946697,0.6111535523300229,0.0053403038521803,0.4965622612681436,18.171432645824584,0.835287535930507,0.7855984690143702,0.06581594998424697,9.313754196455827,-0.8758525113278796,-7.53603285156987,0.9901104197091657,0.31770158374524615,0.488480132711784,0.059411121491875975
C16_P2_01,C16,P2,01,Medium,62.09,0.0025895097396159486,0.0062894266406778,0.34377387318563785,0.8992652436337196,0.6111535523300229,0.0054167639414045,0.4965622612681436,18.202088291813688,0.7591050552942181,0.561170982685155,0.0637433538181906,9.447032712839306,-1.1171380340566135,-8.36188993658273,0.9676770504469928,0.319529901226186,0.493958106950326,0.05007352674833824
C16_P2_05,C16,P2,05,Medium,62.09,0.0025133207825337577,0.0062062888144035,0.34377387318563785,0.9190416250145242,0.6111535523300229,0.0053112556960122,0.4965622612681436,17.882577589961567,0.7419984468024844,0.4780554370409128,0.06209078986370777,9.486844968010873,-0.9484090831003249,-8.43344026372697,0.9386728172620287,0.31845906542097485,0.4943930221151912,0.05178130755251901
C16_P2_10,C16,P2,10,Medium,62.09,0.0025989866790116015,0.0063769049960347,0.34377387318563785,0.9004748528058399,0.6111535523300229,0.0055009034282363,0.4965622612681436,18.173097469621165,0.7632423324620957,0.5604294233890851,0.06479039990368296,9.417619242343317,-0.9011578524694647,-8.51395946436176,0.9545807969347806,0.3203309856542537,0.4935962169928311,0.05211036916059326
C16_P3_01,C16,P3,01,Medium,62.09,0.0024890937270401156,0.0063388418948488,0.3819709702062643,0.6925982396864209,0.6111535523300229,0.0053533254394281,0.4965622612681436,22.103882653554173,0.7867600793115653,0.8358001031599206,0.06797446849193889,9.361466048299379,-0.9085020813415946,-4.1970468305550535,0.9773040991440562,0.32685247569264353,0.4815814121021095,0.049201986572105
C16_P3_05,C16,P3,05,Medium,62.09,0.0025309223445683436,0.0063061209833031005,0.3819709702062643,0.7644140622466409,0.6111535523300229,0.0053897191063514,0.4965622612681436,17.978421223570017,0.8190114817944875,0.7264983268293432,0.07021299792388469,9.381883365579183,-0.879000024846369,-8.531964293201833,0.9196115760185319,0.3230072753163001,0.48664624504355947,0.04921813868697789
C16_P3_10,C16,P3,10,Medium,62.09,0.002491722219332797,0.0063101276255332,0.3819709702062643,0.7578684952093853,0.6111535523300229,0.0053666809135284,0.4965622612681436,15.478865133826336,0.769180964915658,0.8129906816963192,0.06874399695506477,9.443720293772419,-0.7135656964741348,-11.05654887821986,0.9765755480695634,0.32546475560917226,0.48758900330008825,0.04934668617770301
C16_P4_05,C16,P4,05,Medium,62.09,0.00248837222802291,0.0062777406008400006,0.3819709702062643,0.7639495817674027,0.6493506493506493,0.0053312889071626,0.4965622612681436,21.84390603732031,0.603212693043071,0.8218269903088334,0.0628321677158703,9.699687760995653,-0.9730971442656723,-5.051434020010641,0.9462175761536071,0.3292560152302797,0.47866800693993505,0.054999931349619224
C16_P5_05,C16,P5,05,Medium,62.09,0.0024720317481138217,0.0062426824813267,0.30557677616501144,0.7848025513775917,0.6493506493506493,0.0052471494203308,0.42016806722689076,13.096963254377211,0.8358760909494476,0.9416967729425613,0.06641170937095842,9.460542163730668,-1.195724952818098,-13.269947262048822,0.9751730178172432,0.3282894219289948,0.4849570842881876,0.04204777017486299
C16_P6_05,C16,P6,05,Medium,62.09,0.0025529522009861668,0.0063525312558017,0.3819709702062643,0.850885740072856,0.6111535523300229,0.0054207705836346,0.42016806722689076,21.578658239343888,0.8412317064402872,0.805410945381946,0.06867470281569052,9.203353775042778,-0.5835742860500138,-3.7872550147064428,0.8978158318879793,0.32055404659081027,0.48169034023442747,0.05477931046207515
