instance_id,coal_sample,pellet,subsample,scs_class,target_value,Area under FFT curve_raw,Magnitude of dominant frequency_raw,Spectral Bandwidth 1_raw,Spectral Bandwidth 2_raw,Spectral Bandwidth 3_raw,Spectral Area 1,Spectral Area 2,Spectral Area 3,Spectral Area 4,Spectral Entropy 1,Spectral Entropy 2,Spectral Entropy 3,Spectral Entropy 4,Absorption Proxy_proc,Peak Time_proc,Rise time_proc,Fall time_proc,Signal Energy_proc,Area under the curve_proc,1st peak magnitude/2nd peak magnitude
C5_P1_01,C5,P1,01,High,26.48,0.11425587412653376,0.02345779225951389,0.056800434482105734,0.05825441696587747,0.058255086664424735,0.0007848693375875349,0.0007865897810433765,0.0006023362673537827,0.0015058247157810855,0.8278948970341439,0.9255298971994816,0.6984700381156403,0.9423898494167074,0.0021022752018434046,3.78e-06,6.250304125899637e-07,1.1357093435838409e-06,1.0699178672991503e-05,7.206845707266378e-10,2.7756654229530926
C5_P1_02,C5,P1,02,High,26.48,0.1143499510344248,0.03485667720778754,0.06073452363664265,0.062485948552212095,0.06265020776474839,0.000869787886156667,0.0007835596315420992,0.0004966877590005521,0.0015688604285563337,0.853953519978329,0.8257967615213337,0.595251567105679,0.9318220618420651,0.002119506883065321,3.78e-06,5.41682071400739e-07,1.1067505513714418e-06,1.1156491517063137e-05,7.903462841465253e-10,2.571239553706737
C5_P1_05,C5,P1,05,High,26.48,0.1135521803607758,0.02191303786707841,0.056590068051938856,0.05913738622707926,0.06050756231688749,0.0007405632622963167,0.0006619538954193273,0.0006581696751069652,0.0014620804742692239,0.8963420208001271,0.8271278998660215,0.6730513234529305,0.9322826342756735,0.002144491412065458,3.82e-06,5.775290895380924e-07,9.029118656386989e-07,1.0882012771966388e-05,6.36338132460674e-10,2.739325412733234
C5_P1_09,C5,P1,09,High,26.48,0.11371419771897368,0.031119990472802707,0.06059841861671992,0.05861693510884618,0.06469164495493661,0.0008008758150655035,0.000659891118069443,0.0005195726174137451,0.0015276578705145632,0.8514107827540254,0.8496753208584221,0.5980163161577231,0.9343648956522019,0.0021443612253991226,3.94e-06,6.222237894060222e-07,1.0879236698340153e-06,1.1012807646219984e-05,7.06966249355969e-10,2.62194345163475
C5_P1_10,C5,P1,10,High,26.48,0.11442489260764696,0.031233634655882987,0.061531133921373646,0.058226768947068186,0.05721342626462329,0.0007044198192242906,0.0008366765042050991,0.0007337458281996607,0.0016129859396598089,0.7812533546301066,0.9170836446288491,0.7730881434863873,0.971140767219001,0.0021070280926165385,3.82e-06,6.237543496204747e-07,8.326098585455615e-07,1.0952262355883664e-05,7.191322320028308e-10,2.5111449065804776
C5_P2_01,C5,P2,01,High,26.48,0.11411550863377783,0.03969338344316466,0.05041950956253994,0.0479087144583579,0.06516584286968188,0.0008741768996631008,0.0006787813467524998,0.0006035219564375767,0.001298455573133336,0.7772159477187439,0.5399838201725202,0.6828675341172343,0.8687882476711174,0.002123002574828381,3.78e-06,5.348371606455603e-07,2.465338706262007e-06,1.1088031710816516e-05,8.443443609054459e-10,2.6363770078791737
C5_P2_05,C5,P2,05,High,26.48,0.11324770989810395,0.037137474237557484,0.05163264423563494,0.0471312261716645,0.06446458132670273,0.0009092365037126259,0.0005848267080476727,0.0006079588716416696,0.0013017017314009842,0.9112475624548818,0.5053355195702294,0.725211892798307,0.8929099196055865,0.002135521915895207,3.78e-06,4.991489062188748e-07,2.475380578432367e-06,1.1069206000129303e-05,8.369259138036374e-10,2.6228506791432453
C5_P2_10,C5,P2,10,High,26.48,0.11475323501331877,0.04826875326089432,0.04306124533028631,0.05465856492508503,0.06375061691208718,0.00087102602811822,0.000761358525927453,0.0006657179415959322,0.0012585546790907184,0.7415940140356814,0.6839895285226364,0.7714283473876098,0.8331695939830224,0.002129011370248873,3.78e-06,5.341381743190395e-07,2.537578781032744e-06,1.1168829205327527e-05,8.758992801437794e-10,2.490213988721206
C5_P3_01,C5,P3,01,High,26.48,0.11408644999817066,0.023477148501684437,0.05347970498733269,0.04871544431863622,0.04728783247592624,0.0008180605205830284,0.0009799275008194322,0.0013247050779908666,0.0012976587925881326,0.9726104619674921,0.8862034097920254,0.9081642603419107,0.7808117445743388,0.002055233948642628,4.34e-06,5.557331121125553e-07,9.951615230517229e-07,1.0230753648072013e-05,6.592495868168872e-10,3.1306188081302846
C5_P3_05,C5,P3,05,High,26.48,0.11352999311758072,0.030289422315844795,0.05470638348693513,0.04395950228379772,0.04995209007999977,0.0008477780395659414,0.0010514566721005368,0.0012830840698516862,0.001356198269916863,0.8995666604823693,0.7600595155226205,0.9633603842636767,0.8489991860380092,0.0020376486850490223,4.42e-06,6.083074190010889e-07,9.702685496277514e-07,1.015527688250702e-05,6.722331204670592e-10,2.8242394344150354
C5_P3_10,C5,P3,10,High,26.48,0.11482301521228833,0.03128506720049216,0.050368967222752664,0.04276255092902753,0.04948736797189845,0.0008129843782983689,0.0009499431247240251,0.0012618850298593272,0.0014648825423607846,0.7807466557475355,0.7772366221025415,0.9436704684248585,0.845001153256036,0.0020878892505978883,4.42e-06,6.680344922905306e-07,9.408681609413995e-07,1.035605164360532e-05,6.280910651042427e-10,2.888561311036019
C5_P4_10,C5,P4,10,High,26.48,0.11537107483901612,0.03622526230373705,0.05280744238076017,0.05034168710069449,0.059202152647312066,0.0008659552266021445,0.0009461217759040126,0.0005856159189864894,0.0014236443890018671,0.7229619732467076,0.6432083556824962,0.7228282973658257,0.8494310776196711,0.002120031090952644,3.9e-06,6.621938804578133e-07,1.2681401359153082e-06,1.19504441593867e-05,9.107584969866764e-10,2.53349433117048
C5_P4_01,C5,P4,01,High,26.48,0.11453599363443488,0.04398603285011841,0.0527362623232092,0.0558430571003884,0.05763636202924109,0.0008439144147319068,0.0008640439970172317,0.0007166686535536713,0.0013973913960217757,0.9108480856540395,0.6422343563541458,0.7992319390725992,0.7852057359669298,0.0021070861758087133,3.9e-06,6.241636484752517e-07,2.704221862858131e-06,1.1528895196811365e-05,8.792045703449305e-10,2.4449241148841363
C5_P4_05,C5,P4,05,High,26.48,0.11522109181670298,0.0399732718337534,0.05353335652384587,0.05383281995892313,0.05751153015161978,0.0008626342391696481,0.0009455870396759137,0.0006757764819838191,0.0013436109872443775,0.9502928053124272,0.7219274130304123,0.7666557708341682,0.7766756473229876,0.002126625342043761,3.9e-06,4.340813652866769e-07,1.0449600771065865e-06,1.1969685633654686e-05,8.955839042824304e-10,2.514466412693598
C5_P5_01,C5,P5,01,High,26.48,0.11627262066357011,0.030852961355175488,0.04907400163241707,0.04774535465319231,0.05581228088733314,0.0008758440700464782,0.0009639667341386777,0.0006797897016693641,0.0013648794323732627,0.743885122299377,0.6758658225788349,0.620961405897088,0.9198722841565621,0.0021287736340324364,3.94e-06,8.814010673461039e-07,5.1382925926663056e-06,1.188803995666267e-05,9.825679801330015e-10,2.7504257767534233
C5_P5_05,C5,P5,05,High,26.48,0.11530963809666486,0.027969982810778178,0.04091140005972414,0.04675815380518242,0.052185221166742575,0.0007808224767981382,0.000989816404138666,0.000637184478057386,0.0012600918450889338,0.6948363158396537,0.6919069156899614,0.7001412177540458,0.9075356638313673,0.002102471244965624,3.94e-06,1.0038803738482502e-06,2.7913238222532265e-06,1.1118962329737684e-05,8.926331644635684e-10,2.8930248907795573
C5_P5_10,C5,P5,10,High,26.48,0.11408217898171778,0.0261676627318869,0.05096791558913621,0.049087296141913664,0.05689949347336147,0.0007892379252714297,0.0009434946002231735,0.0006994554181223122,0.0013173788025481383,0.635083273210241,0.611658815929361,0.7680058390917931,0.9048245327656491,0.002092363764778246,3.94e-06,1.2177492979538732e-06,5.013172004869723e-07,1.1187289235653364e-05,9.064852522454589e-10,2.8232711637384797
C9_P1_05,C9,P1,05,High,39.72,0.1317352903158232,0.04109863996060963,0.06395927786720755,0.05011769389444427,0.05372148088828799,0.0019042960190294375,0.0018738653161846734,0.0014221034200960047,0.0011328411721855875,0.7649318669831104,0.7993135317870047,0.9066913279934601,0.9680657633645683,0.0017159420038486666,7.6e-07,6.783321162006567e-07,8.511121995184806e-07,1.7492176347249962e-05,1.5046095488805435e-09,6.036113314219855
C9_P1_10,C9,P1,10,High,39.72,0.131116172015227,0.04227118690801238,0.06412483685646068,0.04822674564430932,0.05462958984678661,0.001848195990376301,0.0017981519884252555,0.001293445680756647,0.0009968691599567682,0.7486636028356388,0.751875054634887,0.9337328536156911,0.9284972883999778,0.0017546496887747211,9.6e-07,4.766850956756123e-07,6.431958192908025e-07,1.6848415164653654e-05,1.449292958312012e-09,6.161589039982345
C9_P2_05,C9,P2,05,High,39.72,0.1279472895658177,0.03338713835209344,0.06097458819198618,0.0576284651691388,0.04599460906498659,0.0018104521994179849,0.0017574532308313696,0.0012565976068876785,0.001197281506532701,0.8415967140145272,0.7841670847691851,0.8427597586326748,0.9914468498033132,0.0017169311079459494,5.6e-07,5.144314506177843e-07,1.3133172046932951e-06,1.5052748855547128e-05,1.1721757432205723e-09,5.85124071253827
C9_P2_10,C9,P2,10,High,39.72,0.12916108364478543,0.034358603541330135,0.06269548273064353,0.05747579573557262,0.046743453759908814,0.0017126873897950622,0.0017541446700895119,0.0013929583000336886,0.001192028852551325,0.78951235540415,0.7864227211666596,0.865618945073787,0.9456081228647013,0.0017360494211575942,5.6e-07,5.175220748002337e-07,1.0089069660152608e-06,1.5205115449595168e-05,1.1560627392379547e-09,6.183832433879227
C9_P3_05,C9,P3,05,High,39.72,0.13079051376240314,0.03074379462284518,0.061040514701936124,0.05385603383359532,0.04632132113686698,0.001275415673002316,0.0015534602447206094,0.0010550149403461193,0.0009616328080241947,0.7811644439479891,0.9270041377488979,0.8493506231429072,0.9657694641337888,0.0017565817827527909,8e-07,7.503721129015762e-07,8.45608342075964e-07,1.6135199381415438e-05,1.2693493140328142e-09,2.46245927253352
C9_P3_10,C9,P3,10,High,39.72,0.12881350960025129,0.03634640885530401,0.05892949351159882,0.05366928650556554,0.04807074397590486,0.0013978709219191164,0.0015400723276710916,0.0010657030382801244,0.0008819616408103194,0.8296691867385659,0.8677239102288771,0.9162536850766493,0.9804299558570863,0.0017216392854681737,8e-07,1.724744181956341e-07,6.881596384952931e-07,1.5500957008207687e-05,1.204839289259261e-09,2.514577932470848
C9_P4_05,C9,P4,05,High,39.72,0.13173104760955925,0.050067066614491985,0.05192811192184889,0.06071396769261302,0.05216947604658755,0.0014266453611716068,0.0018655513075995461,0.0008061253600723007,0.0007611006645928209,0.9003588980465412,0.8593408662723752,0.8087836781479723,0.9568432574247038,0.0017123121500350843,7.8e-07,7.164894535960183e-07,6.635768202309312e-07,1.715272560277916e-05,1.320114318587818e-09,2.2410448452776515
C9_P4_10,C9,P4,10,High,39.72,0.13136403278368966,0.05367374053338855,0.0506743910303862,0.0606691820729151,0.04873052460496674,0.0015865751190071503,0.0018571195641898584,0.0008292941060672198,0.0007063845419628285,0.8927050148627124,0.8637281892962136,0.8206995645514803,0.9620644980243304,0.0016962943419577114,7.8e-07,7.187699296883977e-07,8.359756483839702e-07,1.7321292417684687e-05,1.319426155645617e-09,2.141812826094114
C9_P5_05,C9,P5,05,High,39.72,0.13051858841928748,0.03476544406906922,0.050969780057096986,0.060636909374286264,0.04790781066416448,0.0022734383624720203,0.0022486046977875413,0.0015916106746543621,0.0012640824421140536,0.8734099687270324,0.871689816065938,0.8972542082018157,0.9512211351803399,0.0017599353658058585,5.6e-07,5.150974961546499e-07,1.0197768925113745e-06,1.621774169440306e-05,1.207292870418758e-09,3.8459847770198645
C9_P5_10,C9,P5,10,High,39.72,0.13136028165431124,0.02866521547709779,0.05014122082009369,0.06095162325543575,0.04649803145583287,0.002422991543323282,0.0023126236852397146,0.0016390500921443633,0.0012381831409334421,0.8492732133257325,0.8698394202664576,0.8573746117010331,0.9567789379173214,0.001753935312824397,5.6e-07,5.160623329436741e-07,8.557744793213688e-07,1.6841534024708223e-05,1.312003596834407e-09,4.009921438510295
C10_P1_05,C10,P1,05,High,20.1,0.1296601865944014,0.026033479086923945,0.059067303672017804,0.05611354765934541,0.05078097980430792,0.0015443906666086876,0.0019235242842532147,0.0010053440958639438,0.0009714961129462813,0.811927347817935,0.935964843886204,0.962873058153562,0.9722186043390108,0.001749677303092253,8.5e-06,3.4576491200758434e-06,1.0012513748589516e-06,1.54738137794341e-05,1.221982627401439e-09,2.836165260451313
C10_P1_10,C10,P1,10,High,20.1,0.12984587545565718,0.024931342549642438,0.05858308526073936,0.05693504749433294,0.049373160855273414,0.0015763515823398072,0.0017911406837698486,0.0011428476724125657,0.0008576691094717636,0.8364770356335791,0.9335208148130079,0.9333134958790542,0.9884839346079708,0.0017429781014216509,8.5e-06,1.7546577585187524e-06,4.0704889082942646e-06,1.5151723578077088e-05,1.1588049956315846e-09,2.8741598114543896
C10_P2_05,C10,P2,05,High,20.1,0.13067779024647,0.02079948847424276,0.052677840626520214,0.05410293276843534,0.05533027748510072,0.0015899975913750391,0.0018868032883937918,0.00114701293093749,0.001064911791716835,0.6928427464422937,0.8429793367312088,0.9269341050350688,0.9405664675854665,0.0018222854595263194,5.6e-07,5.151466888934719e-07,8.889828360393149e-07,1.4949691915129579e-05,1.042257753451799e-09,6.668405083769278
C10_P2_10,C10,P2,10,High,20.1,0.12909776642001913,0.02159514050251729,0.05505591755285587,0.0536259583360305,0.054212438525445966,0.0015393945848831212,0.001743961700975698,0.0012247187670625006,0.0010185728506085787,0.648635306272349,0.7984053774877737,0.9175649384057418,0.9930370103081464,0.0017416092349392472,1.08e-06,1.0275632290137847e-06,5.91409810484715e-07,1.4148223214334251e-05,1.0930817627429674e-09,6.235792518411526
C10_P3_05,C10,P3,05,High,20.1,0.12974597263989263,0.021211749201334562,0.05274252974379066,0.05387958784002207,0.05516507459650045,0.001167572853668058,0.0013098692185664377,0.0006821312417523194,0.0007333053679058185,0.5868769315199266,0.8529763633499293,0.9703912017154408,0.8432637189225893,0.0017518149068913526,6.8e-07,6.472531622825015e-07,7.53053500170299e-07,1.549383356173917e-05,1.1204184877284066e-09,2.2409398693199214
C10_P3_10,C10,P3,10,High,20.1,0.13048086298684158,0.020127326645679372,0.050230016704082184,0.054978098676299915,0.05095630850633574,0.001217167228656797,0.001455295677729688,0.0006118310634515666,0.000802457346569431,0.5667179688305343,0.8021396727838158,0.9089350238470213,0.9480392636333538,0.0017361642961440155,5e-07,5e-07,9.41479167543262e-07,1.5251672321777161e-05,1.0863198274517375e-09,2.209509652670646
C10_P4_05,C10,P4,05,High,20.1,0.13034352601149485,0.02361523872926631,0.05377707858023983,0.05586380082160734,0.04857226372121613,0.0019430694369203445,0.002235365534608135,0.001444835600253168,0.0012992607156932627,0.8685299700234972,0.8912956170222993,0.9367214803822533,0.9585193141716486,0.0017326664855344064,5.6e-07,5.15550208984994e-07,9.321158691670587e-07,1.601301553147313e-05,1.306377210219828e-09,5.22876280887084
C10_P4_10,C10,P4,10,High,20.1,0.13044446675357943,0.021996915826342573,0.05254161404202313,0.05796373925146021,0.04918734217720946,0.0020183196654658554,0.0020640265110558804,0.0013746460596036918,0.0012010662137555144,0.9045818394489678,0.8784432154485001,0.939386967440743,0.9432726110729261,0.0017589719791974827,5.6e-07,1.1255359599662469e-07,1.1962718988574663e-06,1.53871287771593e-05,1.2174432610282446e-09,5.591006069641334
C10_P5_05,C10,P5,05,High,20.1,0.1303097796942897,0.025323828246540423,0.054072182689128785,0.0489056430187039,0.05561631013566046,0.0017677484433877661,0.001676323243806969,0.0008788945412249998,0.0007233345717211957,0.7166571699301914,0.7816860627661868,0.7185573144968967,0.8945654781274495,0.0017235500395643773,7.8e-07,7.048157489206158e-07,7.452640404379054e-07,1.6496660598913468e-05,1.2536444791512634e-09,2.4733669840638157
C10_P5_10,C10,P5,10,High,20.1,0.1295616374270458,0.028754782827320923,0.0530436107418084,0.04872729291456784,0.058189678683834456,0.0016859160836147527,0.00159758833359378,0.0009639134532705203,0.0006661182200069208,0.7397720385162152,0.7861103829544949,0.7541561848812866,0.9689151859728948,0.0017228818201226689,7.8e-07,7.05342688561657e-07,5.569642943273759e-07,1.5839355672588355e-05,1.2145633985069045e-09,2.504645677197481
C10_P6_05,C10,P6,05,High,20.1,0.1298983123485594,0.023444099197179106,0.05551762368412537,0.05359954554074408,0.05596693872569444,0.0017159293896199094,0.001767642764813288,0.0008789360736998553,0.0009212279957835039,0.6689411640151274,0.8595879441944348,0.7671353152834435,0.97597873158908,0.001787385746722659,9.6e-07,9.179172418261684e-07,1.1907031965376436e-06,1.4524397492635197e-05,1.0526542335446099e-09,2.9289933275498385
C10_P6_10,C10,P6,10,High,20.1,0.12711206886180776,0.023753740240041843,0.05430656030519175,0.05257727334401866,0.055049400521021,0.001748560552569471,0.0017494901289028025,0.000937141263347025,0.0007979575693756332,0.6673018052748608,0.8806773035860852,0.8457076374069564,0.9828797269721955,0.0017500586775272633,8.34e-06,1.071447127620765e-06,2.5516605289026496e-06,1.4583955659141686e-05,1.1054913194054029e-09,2.8826894436173416
C12_P1_05,C12,P1,05,High,23.29,0.13056603848135798,0.02536588260590261,0.05280568364408732,0.05397185549028759,0.05398966576312732,0.0016878269293083524,0.0017612764563217868,0.001113380473294167,0.001215674920313208,0.5408283064551166,0.8883761797406267,0.9348734363557449,0.9936487484085773,0.001756478387826139,1.08e-06,1.0600777258900247e-06,9.104897947595953e-07,1.4636448222023098e-05,1.1073601371512075e-09,7.1546661027192116
C12_P1_10,C12,P1,10,High,23.29,0.13124157908247053,0.025514338628704777,0.04969298368359599,0.05557769211983907,0.05416368532488391,0.001722361981339582,0.0016553870446276513,0.001122965974853015,0.001021365847909283,0.5263003437870628,0.8735096986235757,0.9779894477191166,0.9626780902615986,0.0018025550486350048,1.08e-06,5.313847973655021e-07,3.4059312766152757e-07,1.4823138834468468e-05,1.1724475625552915e-09,5.812575648518022
C12_P2_05,C12,P2,05,High,23.29,0.1333501290783618,0.037811867264250974,0.05766317889628519,0.055324213020008325,0.041823134651937224,0.002052337399132709,0.002035618726785115,0.0010837794140358562,0.0010331123883847776,0.8526851054495725,0.9144308767164397,0.7404907246940128,0.9804704755711491,0.0017593090472957052,7.06e-06,3.0874751057278744e-06,8.161302073391618e-06,1.6592047498152018e-05,1.373300004917695e-09,2.5693503752346016
C12_P2_10,C12,P2,10,High,23.29,0.1323360298239274,0.03799166532553443,0.059751922065651226,0.05513252239979257,0.04040263553275515,0.0020487408186007877,0.002036177675484972,0.0011090770885965572,0.0009090670671327789,0.8669156121492395,0.9330513849198282,0.7415807044856993,0.9853639077630523,0.0017752782234634825,7.14e-06,1.5787938887695878e-06,8.106818366032241e-06,1.699905276483502e-05,1.356821651338978e-09,2.5308893797427183
C12_P3_05,C12,P3,05,High,23.29,0.12873033638779935,0.022395772192203053,0.05320899498398567,0.049802673460647345,0.05036653982761759,0.0014070502593395299,0.0014545332741817414,0.0010175549656963382,0.0007714724362792362,0.5655301826266749,0.8185990478446746,0.8767124561278474,0.945431907971778,0.0017813385858775326,1.08e-06,1.028678834488906e-06,7.072096793705126e-07,1.4416633653747112e-05,1.0013227921873727e-09,2.8576171098033
C12_P3_10,C12,P3,10,High,23.29,0.12838910307095563,0.02092632410580279,0.05341865773237699,0.05122652157351096,0.04966036571890892,0.001445829715493899,0.0016335009796622846,0.0011206391312334999,0.0010340660932925219,0.6859288229438267,0.8317792037840391,0.8593755553981455,0.9884835845128729,0.0017612760037177932,1.08e-06,1.0278744212302792e-06,7.94187726303503e-07,1.4658391006172665e-05,1.0241413248034273e-09,2.6905651243201736
C12_P4_05,C12,P4,05,High,23.29,0.13219738969679676,0.034309295759382845,0.05698382263553324,0.05077867193560097,0.05641819962848734,0.0016053702631318033,0.001744187131489043,0.0008381996394413125,0.0009895085782700092,0.9330862020273992,0.9469620461671255,0.7007381973318277,0.9425266783736285,0.0017538233347787666,5e-07,5e-07,8.197651535261957e-07,1.7253560470865992e-05,1.2753891633897854e-09,2.08863286736817
C12_P4_10,C12,P4,10,High,23.29,0.13277286274988087,0.033620178967970225,0.0580666215627292,0.050331916165703476,0.05288876623338683,0.0016625641336472405,0.0016999752831627774,0.0008205549072798878,0.0008998859737558211,0.9383867083629275,0.9320768222969689,0.6860923877998217,0.8566328656791723,0.0017358381228686475,5e-07,5e-07,9.932407997705568e-07,1.7365604386385225e-05,1.3632787181782707e-09,2.1257354514886786
C12_P5_05,C12,P5,05,High,23.29,0.12874032250661593,0.02282000437335606,0.05353651423268956,0.04811891385279813,0.057117463137802374,0.0015257589864511034,0.0012396778920840943,0.0008732829528536812,0.0006548723049047403,0.8346691642805006,0.8340523333850334,0.8402955543352915,0.9558382223931708,0.0017575492073381516,1.08e-06,1.026868476269828e-06,7.015752964995527e-07,1.4201921701737431e-05,1.1037138784464661e-09,2.554901103276379
C12_P5_10,C12,P5,10,High,23.29,0.12974569331530683,0.019572158086515495,0.05374405594861567,0.048059552314457646,0.058644073097083464,0.0014757702434494294,0.0012354210851807635,0.0009294943902202947,0.00067298257038953,0.85096442952319,0.8272622143746198,0.8000076822947086,0.970428917798899,0.0017948624707323393,1.08e-06,1.0320065620945908e-06,4.3377021983129703e-07,1.4270824227257322e-05,1.0397549535040618e-09,2.5322372273533
C3_P1_05,C3,P1,05,Low,,0.13803447333777663,0.03988772949839941,0.04099493861257827,0.0535042052824869,0.04921473054158655,0.0011234780804954406,0.0008994780256472367,0.001429243599164418,0.0017738084553908858,0.595364547536694,0.8020706327001146,0.9322798854450807,0.9531435946792688,0.0019896476336424174,2.66e-06,4.681734450748152e-07,2.4435445995545695e-06,1.2948791470308585e-05,1.1739769976876344e-09,1.7269401874250323
C3_P1_10,C3,P1,10,Low,,0.13896741001766388,0.04513334758298872,0.0444399876879108,0.057339508419069714,0.049145748017450856,0.0009044607204173684,0.0008352447048618111,0.0013843514185538583,0.0018897362420084933,0.6263518372221365,0.7336987015741769,0.9161168746587327,0.9473128204246234,0.0019856954567402246,2.66e-06,5.364294781901818e-07,2.4576134777362314e-06,1.295348818421238e-05,1.1837070509442555e-09,1.7421813338152896
C3_P2_05,C3,P2,05,Low,,0.13477512358977378,0.04296025052566367,0.05039674218129156,0.05340640598231832,0.05419358587063813,0.001333529172184715,0.0009511644904341965,0.0010734941127144542,0.0007954425663758227,0.841325451297658,0.9195141693458717,0.7787620531062263,0.7484456187214983,0.0019256943991095667,3.02e-06,3.4222795127273587e-07,2.5474625055890644e-06,1.1674523812183741e-05,1.057685528677447e-09,1.8550900597362248
C3_P2_10,C3,P2,10,Low,,0.13522848898875717,0.03694157432060244,0.05037081403192316,0.0494022562884386,0.04753393978660223,0.0014476728746458548,0.0009185477863421876,0.0009793450926181514,0.0007849410532734596,0.7204247187710244,0.8776561849347017,0.6479640782429793,0.7205686435972418,0.001947116429522203,3.06e-06,3.791898182153901e-07,2.5611642024772727e-06,1.193972610433322e-05,1.0625914555071826e-09,1.838308430463197
C3_P3_05,C3,P3,05,Low,,0.13877044989541026,0.03191294392125091,0.045749826154444326,0.060688390311958475,0.058720315032644486,0.0010493743759461152,0.0005673964801788781,0.0009343345822261165,0.001552768979231024,0.7743238902905403,0.8868375538756768,0.8431511935876493,0.8739100360725935,0.001980539680533302,2.9e-06,4.946399325624649e-07,3.0373319921830338e-06,1.2092481883839969e-05,1.1015145418942475e-09,1.853744541881758
C3_P3_10,C3,P3,10,Low,,0.13747035329942173,0.03228425335822007,0.046423673365428006,0.05771684264053854,0.05993345112961397,0.0011148283072069467,0.0005905469432340045,0.0008325046329475843,0.001512080774857236,0.802916690823536,0.9593741860379884,0.7477549056774464,0.8720697060656266,0.0019339731085577126,5e-07,4.91439992997924e-07,6.906496147990122e-07,1.1297610256348905e-05,9.875394069718387e-10,1.814426221008187
C3_P4_05,C3,P4,05,Low,,0.1383724624080614,0.02336139815367682,0.05034078041102959,0.052258138923678844,0.0396670607980438,0.0008270016945278851,0.0008052400153708699,0.0010830504112457695,0.002170023159090904,0.9372684701936308,0.9433291075299942,0.6875716466319178,0.9209374895627304,0.0018504505852455118,2.82e-06,5.814054801329088e-07,2.8581198915136036e-06,1.0156955316486886e-05,8.268387556949225e-10,2.6369860189374967
C3_P4_10,C3,P4,10,Low,,0.13882876490375062,0.025486726510615017,0.05352660321825099,0.05226069522378684,0.04162840019727308,0.000690913994282261,0.0006947062720995932,0.0011352804230614127,0.0021771314120007245,0.8633664458997898,0.9516086969495114,0.6955176297526796,0.9420572173694995,0.0018663185959950264,2.82e-06,4.916953187052206e-07,1.782288801341853e-06,1.0391134877692127e-05,8.372650730521293e-10,2.519849171839699
C3_P5_05,C3,P5,05,Low,,0.1360242179925937,0.03618599749395878,0.05176492631083373,0.06324168422493169,0.050113080040993796,0.0008686012983812739,0.0007193479520635788,0.001830084739181426,0.001598939087880503,0.6612673508396194,0.7406855838490933,0.941905119232596,0.8433130877507418,0.0018754223571366985,2.78e-06,6.237410101458184e-07,4.309540543523129e-06,1.2183221615767267e-05,1.2270214166454138e-09,2.634092367478443
C3_P5_10,C3,P5,10,Low,,0.13601292543219434,0.03138644066920925,0.055486579613954146,0.06216174221509449,0.048154112976366105,0.000864341572811684,0.0007069378094492777,0.0019038215930403256,0.0014922858289526547,0.7103843368984757,0.7960217767552322,0.9231157380485412,0.8249571126511305,0.0018846161178574408,2.74e-06,6.952420122141897e-07,2.16191494613848e-06,1.1930811836765344e-05,1.1487232280939573e-09,2.7294122274985755
C3_P6_05,C3,P6,05,Low,,0.13618802917505302,0.027886001080604777,0.04313732569067897,0.04997409300783257,0.05578280049051096,0.0006690386136433391,0.0010493995592214729,0.00095417199570665,0.001968257140498151,0.8315161342132544,0.8980805136183062,0.6150510952745939,0.9021644102272424,0.0018428066033721864,2.5e-06,6.166618047071629e-07,1.4001885020827578e-06,9.764721903689369e-06,8.335581786026287e-10,2.691232636703103
C3_P6_10,C3,P6,10,Low,,0.13706591715704436,0.033222440302341734,0.0526507292036056,0.050737129347434,0.05017335341097122,0.0005920346167346015,0.0009930428725315765,0.0008422980432384504,0.001957085165274806,0.9713500242371428,0.9242018199041898,0.5345356715439323,0.9085957870226554,0.0018457428418019583,2.46e-06,5.595523293271136e-07,2.07016794404873e-06,9.595953554603703e-06,8.35255829902106e-10,2.5368113523888085
C4_P1_05,C4,P1,05,Low,27.94,0.11299305885307001,0.03586474118000927,0.0486272173220377,0.05543658475777509,0.048778065054546696,0.0008291891137633236,0.000996212932151378,0.0008116034671767545,0.001293078119201409,0.6685814637893407,0.9904342425548469,0.8023754546288185,0.8668616853473091,0.002110445633219521,3.3e-06,4.5768833337339436e-07,6.390297477086385e-07,1.0856024331870434e-05,8.408092175356504e-10,2.430183510697723
C4_P1_10,C4,P1,10,Low,27.94,0.11293917489053265,0.033190852412211376,0.050273240859270305,0.05586894015710541,0.049942691035012345,0.0009881938291124168,0.000933734493869768,0.0007252896640758763,0.0012870018744096253,0.7953662161237576,0.9348507239061595,0.8446455211974326,0.873642289326556,0.0020833836505478364,3.26e-06,4.595265279740347e-07,5.585673088340539e-07,1.0677244984357585e-05,8.666469982381015e-10,2.453506752443407
C4_P2_05,C4,P2,05,Low,27.94,0.11521003148474802,0.03158080443371285,0.051361572401085215,0.05277325608952088,0.049197051086345485,0.0007323761713003274,0.0008077902667656296,0.0007028622448955698,0.0013817975824466176,0.8663116922604512,0.9652462435632159,0.7305807889855715,0.8695810363796357,0.0021248004277750524,3.62e-06,4.780345477561908e-07,1.253612601166461e-06,1.1519881338784755e-05,8.876738833919496e-10,2.3096800667276676
C4_P2_10,C4,P2,10,Low,27.94,0.11502673682962643,0.0364098919439204,0.05039789366495228,0.05397929013632676,0.0446011877763836,0.0008987864981261267,0.0007155320424233058,0.0006410930185634682,0.0014374883831767033,0.819594344851622,0.8692006697809638,0.5912873636497219,0.8801433602046164,0.0021325231187361874,3.62e-06,5.329518243416045e-07,4.258080325468095e-06,1.1964471527192682e-05,1.0211625524882765e-09,2.2150893110742467
C4_P3_05,C4,P3,05,Low,27.94,0.11426294913169124,0.05346150611176447,0.03885631798519175,0.0506112318486038,0.04452358866756142,0.0009267604198727106,0.0010291391383435238,0.0007757193030755235,0.001338923900727972,0.6383342283119484,0.9569126859653351,0.6882372517565167,0.9550877143038258,0.002131106765375558,3.42e-06,1.47917455992638e-06,5.46621035130082e-07,1.1402753344335808e-05,1.004987468494118e-09,2.1893522658283686
C4_P3_10,C4,P3,10,Low,27.94,0.11288235484286506,0.03897925187637015,0.046776356501835696,0.05391789140024859,0.045579055376348404,0.0009661231688953031,0.0008353669630774357,0.0007228924420312632,0.0013693113245183356,0.7710419825793055,0.9836100923354422,0.6704286568239707,0.9534122395384359,0.002082367273502326,3.42e-06,5.184308954624465e-07,4.951321626603614e-07,1.0372060989492326e-05,8.111156806818924e-10,2.3740307946255
C4_P4_05,C4,P4,05,Low,27.94,0.11417225511176529,0.03209489068892718,0.056240250925130304,0.05261616677806207,0.05379502131193124,0.0008648787864005514,0.001197614193065719,0.0007645153441943687,0.001028260785205755,0.958571852590302,0.8707997684520036,0.8505787934137997,0.827575104977853,0.002091984719619546,3.94e-06,4.970861234784225e-07,7.68641757648482e-07,1.055476977186386e-05,7.094784765283771e-10,2.6960370381599574
C4_P4_10,C4,P4,10,Low,27.94,0.11365306466368295,0.03132951500400318,0.0584506424669436,0.05332632058168746,0.05412476541414945,0.0008365691439137927,0.0011438483791730715,0.00077865473420552,0.0009004490625446279,0.9095353045034368,0.8513056138942898,0.8282068438307001,0.7594209044938335,0.002062781656565227,3.9e-06,5.102283787874442e-07,1.072386140922448e-06,1.0589573477006273e-05,8.25121218626602e-10,2.6384864681198956
C4_P5_05,C4,P5,05,Low,27.94,0.11451434549856343,0.03291370781908368,0.05261305683913102,0.04557649063340235,0.04792809312758537,0.0006935592573207192,0.000786361474378241,0.0013214069103952926,0.001441995929428956,0.6230927743255872,0.867788601349166,0.8255901489505326,0.8856000414977919,0.002111397174475028,3.46e-06,4.6525990173181713e-07,2.2668582382382778e-06,1.1513513118095647e-05,1.0279526826473567e-09,2.4178969468068643
C4_P5_10,C4,P5,10,Low,27.94,0.11562408209448102,0.034703395607528394,0.050497531716718,0.045559233748859056,0.04741284654651462,0.0007729142382984097,0.0007132448491587384,0.0013582293315764907,0.0014311729221900438,0.6547042804952173,0.8767893548592717,0.7973920825168782,0.92033642778312,0.0021219873493129875,3.46e-06,6.804566001596926e-07,5.02509342172259e-07,1.1923115728195176e-05,1.056953203397169e-09,2.3658462363196913
C13_P1_05,C13,P1,05,Low,15.59,0.1303165507847204,0.04023635021182836,0.05576927328565516,0.04527531812213913,0.05838704357103204,0.0015791782875395446,0.0016671026773728654,0.000768400086757216,0.0007998981949459512,0.7321636941021403,0.765747833509741,0.7377677603252011,0.9287618948380727,0.0017456163995441549,5e-07,5e-07,9.254093759110102e-07,1.755330365310532e-05,1.4756451697775134e-09,2.1715188415119813
C13_P1_10,C13,P1,10,Low,15.59,0.13098901554854808,0.036005599317033385,0.05447630213214796,0.04504286264991005,0.05342412226449838,0.0014811522991893028,0.0015745943595815001,0.0008334792121720107,0.0006825241925526422,0.6766313806727661,0.7104851391453018,0.7338762083051017,0.9462665905404309,0.001789313116925746,5e-07,5e-07,1.0449103064698668e-06,1.7494604088045915e-05,1.3918604097763566e-09,2.1691991730478803
C13_P2_05,C13,P2,05,Low,15.59,0.1279645213263908,0.02459118171401422,0.049233889409979456,0.05424022168081465,0.052905478674926454,0.0021224103556556915,0.002374591425815013,0.0012690985694573103,0.0013066211376800167,0.7604770331868194,0.9199134459841662,0.9913931668590771,0.9771289091776664,0.0017704042074451708,5.6e-07,9.729457177383528e-08,9.245035871460287e-07,1.5018052269702812e-05,1.1019145676158953e-09,4.862520375338251
C13_P2_10,C13,P2,10,Low,15.59,0.12823888169737346,0.024972740419986258,0.04734473101430835,0.054099699780635294,0.052958240003597265,0.0021783011027867926,0.002314281739457388,0.001402218960800756,0.0011411349871189359,0.8137493037171813,0.8826410065854043,0.9921050791086683,0.9575725145065341,0.0017622913186298066,5.6e-07,9.838835458369203e-08,8.259417569669812e-07,1.5012947839083345e-05,1.1956953396965286e-09,4.423418011393079
C13_P3_05,C13,P3,05,Low,15.59,0.13167007264738417,0.04257221384753073,0.05840428730922556,0.050575793940721155,0.04837897744432653,0.0024389560808188103,0.00291596613689131,0.001246325475799163,0.0007394416220022339,0.7276774467809576,0.898592239690505,0.7348003264831696,0.9476670198217517,0.0017462958119548184,7.46e-06,1.4950445956457586e-06,3.6276884143313836e-06,1.958181989869744e-05,1.5424751529580429e-09,2.5010202031369944
C13_P3_10,C13,P3,10,Low,15.59,0.12992336842791222,0.03566139052726625,0.05893340715246764,0.05043575377519925,0.04903121454454895,0.0023747309935444995,0.002910395523920638,0.0011313453152374591,0.0006882585537520245,0.7205147946896808,0.8722316907060119,0.7915015601147599,0.938212427828916,0.001742228179528319,7.46e-06,1.185461372551803e-06,3.3587840268703655e-06,1.9217508970784822e-05,1.5859644267603021e-09,2.4889406009098836
C13_P4_05,C13,P4,05,Low,15.59,0.1293707239116392,0.024964507243512134,0.05689001445881159,0.04778163583365279,0.05397571401407174,0.0019153564965595964,0.0021792566643247563,0.0015679265902372858,0.0012141216145947211,0.7977360519032544,0.7491973171342232,0.9075095553981751,0.9792521359970263,0.001777107338342323,5.8e-07,5.408700236993838e-07,1.3955331401685625e-06,1.496524912054567e-05,1.120145137401597e-09,5.826238672996953
C13_P4_10,C13,P4,10,Low,15.59,0.12926526344655037,0.023237178133188794,0.05759345064892933,0.04795163621755774,0.054558014496078666,0.0017908809130073554,0.002271074108327008,0.00154148479779853,0.0011261334423060955,0.7898521803009614,0.7792142018713978,0.9123427689827266,0.9623383349472303,0.0017731766206329944,5.8e-07,5.444130933037593e-07,1.3588245839527316e-06,1.4810574464011156e-05,1.0342362854476468e-09,5.8460055817302115
C13_P5_05,C13,P5,05,Low,15.59,0.13092849667340473,0.024996976976334274,0.060042595677126595,0.04735357735453019,0.057352041953950154,0.001812123939537752,0.001980485952552373,0.0006933444963233863,0.000855802176264284,0.901078303301709,0.8525057787699096,0.7396070840203859,0.8929856143404282,0.0017471208563619777,5e-07,5e-07,1.1782996434260583e-06,1.7368407259221403e-05,1.2578113564719267e-09,2.042647348274154
C13_P5_10,C13,P5,10,Low,15.59,0.13042512214076618,0.0216093175695668,0.05903470261330109,0.04640580418613243,0.055298390752201276,0.0017139966695855764,0.0018253877922170402,0.0006359035719870123,0.000768424975672492,0.8826380468145514,0.8541941900903343,0.7429037352807525,0.9052845519818014,0.0017655918106004786,5e-07,5e-07,1.3164634558782731e-06,1.699178907096212e-05,1.2067193653289272e-09,2.074956470100451
C14_P1_05,C14,P1,05,Low,13.09,0.09860217368889682,0.027263623795516164,0.06029368336162623,0.0468423558595501,0.05726832293110143,0.0023692590900589684,0.002248648172950916,0.0012372156412040554,0.0013549233833059235,0.8929262487761009,0.7750993706172683,0.7719795046349532,0.9497454141184897,0.0010548746293709498,5e-07,5e-07,1.0889678780200141e-06,1.4767492772657351e-05,1.375955777715123e-09,1.7893167904259808
C14_P1_10,C14,P1,10,Low,13.09,0.10037369765942525,0.030280722866107997,0.05991801685899873,0.04848368264005749,0.059117633618304036,0.0024030433193218885,0.0021200722900644982,0.0011623080855834344,0.0013296143107480477,0.8977224827661766,0.8349554665194724,0.7690265712848753,0.938884062702943,0.001046552680497359,5e-07,5e-07,1.190437211214534e-06,1.5199713551879995e-05,1.5132233315297808e-09,1.7235310743790841
C14_P2_05,C14,P2,05,Low,13.09,0.10175110901429225,0.02617048024580077,0.06652900779101592,0.053111272420435465,0.05209059824611928,0.0018135303926886826,0.0015287697412793271,0.0012068488270759858,0.0015846344622450217,0.704777499453565,0.7663904651672973,0.8338525668431482,0.9685239897697454,0.001058784720268046,5e-07,5e-07,1.1879521122538865e-06,1.4564129364265217e-05,1.2645921682505182e-09,1.5980421766094726
C14_P2_10,C14,P2,10,Low,13.09,0.10109023103211742,0.025570129988292205,0.06472129467608599,0.05352119103828709,0.05279656338942568,0.0019339236786529773,0.001647961762847296,0.0009477619415290482,0.0015624176572423987,0.7312555638374069,0.8263780583194321,0.7660180716217951,0.9625646515380537,0.0010449633397992097,5e-07,5e-07,1.1044926510122986e-06,1.4481561929140154e-05,1.2803209834920627e-09,1.5957302309316435
C14_P3_05,C14,P3,05,Low,13.09,0.10100185836920675,0.026075501565021895,0.06089051070531887,0.04358978970864895,0.05694326570560056,0.0023187604875608498,0.0015518358288363805,0.0009996722685422215,0.0014990635145500186,0.8504988578009005,0.6170401010220934,0.8314325958293652,0.9445025810097102,0.0010358099393428597,5e-07,5e-07,1.075772308465345e-06,1.3915292049846537e-05,1.2972143720124133e-09,1.7032328806867043
C14_P3_10,C14,P3,10,Low,13.09,0.100538981820203,0.0248581890014729,0.06073411037005354,0.04186405470470695,0.05593730424021861,0.002356143590510623,0.001397426129625604,0.0009881993568584854,0.0013828530844258182,0.8570895972201307,0.5382617082259816,0.7946267181526889,0.9551835905179452,0.0010496547216751666,5e-07,5e-07,1.1420217246959098e-06,1.4054438114010499e-05,1.265719053656069e-09,1.698630815475211
C14_P4_05,C14,P4,05,Low,13.09,0.10054132120830536,0.025022607147889397,0.058951473688957055,0.051678629563428655,0.058912189902340296,0.002241616404062642,0.0026692641458611753,0.000904514215210066,0.0013671239519231686,0.8649663804536402,0.8759127354003905,0.6971248427581811,0.941944389179875,0.0010568689287653366,5e-07,5e-07,1.0367944240780512e-06,1.5612269575194946e-05,1.4177921453208938e-09,1.6752204692925265
C14_P4_10,C14,P4,10,Low,13.09,0.10055835787125667,0.02509905222757726,0.05770507781243267,0.04970724927949393,0.05376104610304202,0.0022628422082071106,0.0025853790179486964,0.0010361960615525982,0.0014059491596002055,0.8617548047642641,0.8376463533697629,0.7096542638723258,0.9707667553637379,0.001041627246444902,5e-07,5e-07,1.1782732645004288e-06,1.5113729823150067e-05,1.3519400334813986e-09,1.6895406748876058
C14_P5_05,C14,P5,05,Low,13.09,0.09896193305168777,0.024609802226211216,0.059202832366924286,0.052067245593613344,0.05266228755828983,0.0023183230780626065,0.0016534725922438124,0.0010991037878166302,0.0012206428431726648,0.9156063602018754,0.8279293929693202,0.9059274240425371,0.9659828714227953,0.001040737902740217,5e-07,5e-07,1.1922755027928426e-06,1.2499684945804856e-05,1.2887172578714582e-09,1.9562588383065813
C14_P5_10,C14,P5,10,Low,13.09,0.10024200440404074,0.031003939336642323,0.058836873218042846,0.052383272282909246,0.053931632792904714,0.002351199698428284,0.0016246227729554245,0.0011448625657566015,0.0011438153429967274,0.918540010626337,0.7739098987779625,0.9269061263777657,0.9642490330695705,0.001014106205489037,5e-07,5e-07,1.8389256366275232e-06,1.1997123971818688e-05,1.2310534142573238e-09,1.900843524653361
C14_P6_05,C14,P6,05,Low,13.09,0.09526449467100255,0.022978957433307273,0.05792252936506385,0.04998101166933945,0.053723012303261444,0.002144114731691159,0.0020339725201190973,0.001057487294417003,0.0013698370750628585,0.8369041627305785,0.7520334197224032,0.953213005714711,0.9689399338414021,0.0010221609214024416,5e-07,5e-07,1.2240228921836567e-06,1.2921982330520062e-05,1.192390501242666e-09,1.7634416456998638
C14_P6_10,C14,P6,10,Low,13.09,0.09636326788827931,0.024745790492575786,0.05758070301525299,0.04810783602347153,0.05541265736765738,0.0023110608330601905,0.0021147657765828837,0.0011638909063790143,0.0014072104133827762,0.840954276027979,0.7283699280081815,0.9162909463410088,0.9653123647122028,0.0010303123501882797,5e-07,5e-07,1.2442684010777607e-06,1.3505185865117038e-05,1.2091507667341278e-09,1.7082922486499688
C14_P7_05,C14,P7,05,Low,13.09,0.09825589793512914,0.024612549326246038,0.061282317800791485,0.05028336480934144,0.054647448129357436,0.0020676204880409887,0.0022064653574942745,0.0014470524614390537,0.0012432549177244876,0.8634155401093186,0.9029951048581817,0.902447397507888,0.9854497597135655,0.0010170674082363713,8.2e-07,2.773470820970909e-07,2.2883072938011384e-06,1.007517927963881e-05,1.1395440866059733e-09,2.6718114787840705
C14_P7_10,C14,P7,10,Low,13.09,0.0975525432253921,0.020326469786631215,0.06087029669546525,0.04913267390447529,0.05398705781530833,0.0019929436995602275,0.0020852845181719352,0.0014078922318274578,0.001108402017428884,0.8651600905064041,0.8800251107188422,0.9167502338995799,0.9768571072510689,0.0010090374520837786,8.6e-07,3.112021155204467e-07,3.3257659010942306e-06,9.854380271129993e-06,1.0751325113715089e-09,2.628670500437473
C6_P1_01,C6,P1,01,Medium,23.81,0.1176057115445937,0.030437282953887417,0.04209168558718558,0.05116849657796042,0.057026067318089256,0.0020592645991986923,0.0032470752309478575,0.001172964699495464,0.000803469378827544,0.7618345725747901,0.9115082072803921,0.8886692150569852,0.8678169012953136,0.0020520768429489584,3.94e-06,9.186009713383984e-07,4.70614464676253e-06,1.4759478162369013e-05,1.2179449362748162e-09,2.805032062816463
C6_P1_02,C6,P1,02,Medium,23.81,0.11811285574748759,0.02832138225366591,0.04335721325383742,0.05188143907495628,0.05936743715606394,0.0022761331752366013,0.003113851943450445,0.0010289610022603262,0.0008467358044792492,0.7457853868050441,0.9218976812969326,0.8571535839004267,0.8541858021915014,0.002072152110051064,3.86e-06,9.455929941442176e-07,4.815178775377954e-06,1.4546145534611122e-05,1.208782919326062e-09,2.86602081905224
C6_P1_03,C6,P1,03,Medium,23.81,0.1169065784183165,0.02971016735767883,0.03782693236790007,0.05221304622951375,0.05806502970435851,0.0020066100642882837,0.003031749056420037,0.0011087269433645377,0.0008432135216681732,0.6703799805739169,0.8938694860635612,0.9360067424341578,0.8626840755441753,0.002082025988582853,3.94e-06,9.066205637507771e-07,4.905264144827318e-06,1.4289748262833498e-05,1.2078128451605145e-09,2.778861211885321
C6_P1_04,C6,P1,04,Medium,23.81,0.11847750716087165,0.026836698234455312,0.040732924229621936,0.05044149432874911,0.05924566399617205,0.0020060145340463913,0.0029356872065467356,0.0011115894464902895,0.0008488344029277254,0.7263016378530208,0.8985280412678366,0.859125030705473,0.8994995642920666,0.0021014434973365623,3.94e-06,1.0098409871507915e-06,4.683756128641951e-06,1.4329419379003592e-05,1.144843115272891e-09,2.753651986147706
C6_P1_05,C6,P1,05,Medium,23.81,0.11759273890428189,0.027843764036279695,0.04622482767031483,0.05119864498820888,0.058790325995789726,0.0022116208757701253,0.0030900906440748614,0.0010692019841419176,0.0008664773136393948,0.8406185793932341,0.9113342460423546,0.9071517624509662,0.8731918149693074,0.0020222632124717167,3.9e-06,1.099802731592989e-06,4.841325833035865e-06,1.4291740217747512e-05,1.2362954331635672e-09,2.9710144822203746
C6_P1_06,C6,P1,06,Medium,23.81,0.11813805134047338,0.027023270683572905,0.042653964576875016,0.052739815576532664,0.058053155080254826,0.0020753600945473184,0.003031968547569818,0.0009010830014570443,0.0008917491701005396,0.789417844781381,0.9348574243364765,0.867865424053447,0.8232748906288546,0.002104408362723727,3.94e-06,9.88191901183961e-07,3.947374428251699e-06,1.4266675726668027e-05,1.157141202647479e-09,2.8370708349898597
C6_P1_07,C6,P1,07,Medium,23.81,0.11733568614064639,0.028546798133049493,0.04030882780959321,0.05179377716285466,0.057294765596615276,0.0020650040002355968,0.0029908321162033158,0.0010561083997798677,0.0008645479879244104,0.7373451039255107,0.9085402688674634,0.9185878683662796,0.8602151991255258,0.002012882619812321,3.94e-06,9.574233504900659e-07,4.655372060309869e-06,1.3816801250280791e-05,1.1984128351883731e-09,3.1217176068958246
C6_P1_08,C6,P1,08,Medium,23.81,0.11750647184423517,0.027512409359479732,0.043419924435472906,0.05201957605848887,0.059725948509211514,0.0020754767281311493,0.0029364754983458004,0.0009431666465688582,0.0008497644182571576,0.7657665105499619,0.9078820254118304,0.7873139627334935,0.823665269497786,0.0020825534209651005,4.02e-06,9.775069312647526e-07,3.801335732632077e-06,1.4175050785208645e-05,1.1890842707709422e-09,3.074312550197109
C6_P1_09,C6,P1,09,Medium,23.81,0.11754950489154359,0.031216753609160153,0.04206510048186375,0.05123162492211953,0.059814447485477526,0.002010911176694677,0.0029552620476050247,0.0010753771329013117,0.0009041412810367729,0.7307514854419724,0.8912661946509057,0.8792054615517856,0.844453008260532,0.002042149266847632,3.9e-06,9.706745666438718e-07,3.821877326764489e-06,1.4006937012017498e-05,1.1699720214756738e-09,2.8903156716785765
C6_P1_10,C6,P1,10,Medium,23.81,0.11702541004244581,0.02863946325567396,0.04001255299477647,0.051504143946233344,0.05887683381458796,0.001975157361892158,0.0030183978092346614,0.001015223007580921,0.0008865944678422867,0.7531858146033604,0.8873318816951986,0.8347561849021887,0.8496272956511233,0.0021017730247908724,3.98e-06,1.053640509122427e-06,3.547842178618886e-06,1.4205000073031432e-05,1.1475696348288364e-09,2.7900774070097
C6_P2_01,C6,P2,01,Medium,23.81,0.1145042917442855,0.023163006796066737,0.04353658370578436,0.048275264998703146,0.04921748475853684,0.0005776448515586618,0.0008946550854660562,0.0015510859209895483,0.001281346313893586,0.8055206213450162,0.8421388736262366,0.9002820041160184,0.7565153966506839,0.0020420528777420886,4.22e-06,5.790706707026323e-07,2.6259790531350815e-06,1.1211823002678013e-05,8.208335754526933e-10,2.7236678510376424
C6_P2_02,C6,P2,02,Medium,23.81,0.11671450587446149,0.027366186147245158,0.04937156977926452,0.0502684865735187,0.049712332677975625,0.0007002393905854417,0.0009769242040032378,0.0015671810947482344,0.0012653675226732427,0.734264527577897,0.8305969028872028,0.8806980918842752,0.7754067095946388,0.002154672010856156,4.26e-06,5.128475102703248e-07,2.652432974203779e-06,1.2215143776694993e-05,8.846203011160556e-10,2.7149298602021332
C6_P2_03,C6,P2,03,Medium,23.81,0.11475927578752192,0.02591753009468967,0.04070444422716898,0.047241263306161324,0.049443730451259785,0.000648489391182058,0.000813943814592931,0.0016177865483622293,0.0012613906195087557,0.6128028826515496,0.7401856590623598,0.8626788936425132,0.7566930723774266,0.0020152712964806524,4.18e-06,6.178813188927882e-07,4.009610025301099e-06,1.1055526010843039e-05,8.743041636553563e-10,2.815218709971362
C6_P2_04,C6,P2,04,Medium,23.81,0.1141178309100308,0.024300571450677003,0.05942840476819923,0.04846795526933898,0.048272317871911156,0.0005427198551861696,0.000807755808620018,0.0015620065954874201,0.0012809244160867355,0.528157208036859,0.7302431311517069,0.8593390111729097,0.7753959993338249,0.002055682755273143,4.22e-06,5.409593765497913e-07,4.103134578621806e-06,1.1512336267838096e-05,9.000363623413271e-10,2.7376705199874247
C6_P2_05,C6,P2,05,Medium,23.81,0.11511751284992605,0.02244707695451122,0.04690502936961342,0.04715023848948183,0.04770952898686215,0.0006182232149539862,0.000722058408902354,0.0015990960673137457,0.0013195224376334777,0.7760394799627744,0.7930426608471965,0.8711156719291415,0.776735606616884,0.0021087864206723317,4.22e-06,5.587289443072678e-07,2.3497895149953016e-06,1.1524644409121696e-05,8.274157375652934e-10,2.6300675748699036
C6_P2_06,C6,P2,06,Medium,23.81,0.11416440494638347,0.020228741914368627,0.04533360990995154,0.04610837669330836,0.05110404474767281,0.0005742638120918577,0.0007810640419837168,0.0015001718375678773,0.001339318855018728,0.699297556654815,0.7966207115477272,0.8915144247753358,0.7623614751680108,0.0020981223201203742,4.1e-06,5.467201307680477e-07,4.016764263935286e-06,1.1353981872266526e-05,7.990155082609697e-10,2.9434114143532892
C6_P2_07,C6,P2,07,Medium,23.81,0.11503381925879513,0.023098588641757428,0.04812685963001063,0.05118622880620312,0.05017983464939936,0.0005844896394568711,0.0008511997784794386,0.0016109774438339258,0.0012461439431276076,0.7716215184946085,0.8570547408165067,0.8825970624724869,0.7773553854129669,0.0020678583333837712,4.14e-06,6.09324788409861e-07,2.534186345161697e-06,1.1512009567646743e-05,8.94224603346284e-10,2.734300300741018
C6_P2_08,C6,P2,08,Medium,23.81,0.11646004510806007,0.02072233875630656,0.05343471629146671,0.0476132677378708,0.05153916645440121,0.0005004512834172121,0.0008837597978862339,0.001593942202217511,0.0012621238912475274,0.702879742037685,0.7669427391868749,0.9207111761114617,0.7920097690547171,0.0021623058172182833,4.26e-06,7.001565840790643e-07,5.344301893163782e-06,1.2192297037279538e-05,8.696289964104811e-10,2.6777452680349487
C6_P2_09,C6,P2,09,Medium,23.81,0.11503373536192288,0.025760893692879903,0.04455503451942001,0.04528656154993999,0.04666902482111389,0.000668324783124152,0.0008787594383208956,0.0016209356157557571,0.001224091406848617,0.7311818660827292,0.8321288708321343,0.8258192702540882,0.7985381216375779,0.0020969393254355855,4.22e-06,6.471013402940139e-07,2.4337966678730125e-06,1.1489782809403272e-05,8.404973961672434e-10,2.819059138698514
C6_P2_10,C6,P2,10,Medium,23.81,0.11424988437939197,0.022703617744853834,0.04862460680344283,0.05078617830896389,0.04914590553447086,0.0006012567699037953,0.0007809726125654621,0.0015761774611717004,0.0012938693728281375,0.7936273912075368,0.8282836997607583,0.8775819083835837,0.7865723575580702,0.0020566567791469115,4.1e-06,5.587185390440142e-07,2.571792327866753e-06,1.1186300525673943e-05,8.205593476185804e-10,2.721650343926613
C6_P3_01,C6,P3,01,Medium,23.81,0.1136939159624025,0.03030117994525928,0.05249707389356948,0.051697515122676736,0.040180559587291546,0.0008840568107195517,0.0008137757227551796,0.0007485192389713089,0.0018655881784270605,0.6437817148437733,0.9612977672723905,0.667088694016611,0.812615957628356,0.002098405426897097,3.46e-06,6.213133611021555e-07,6.888553998668667e-06,1.0827330913497294e-05,8.009475059201335e-10,2.7762971605651834
C6_P3_02,C6,P3,02,Medium,23.81,0.11419190398772351,0.026278899444933067,0.04956193474811136,0.05194225738457256,0.03873497944521795,0.0010103782702759183,0.0006860390319132896,0.0007362700125899966,0.0018207142721649856,0.798833872581858,0.8764492091861141,0.6423128616636521,0.8198707830834784,0.0021036086270529728,3.58e-06,5.746806295986839e-07,1.6044455272036347e-06,1.085636360435223e-05,7.492886245361423e-10,2.837959349795216
C6_P3_03,C6,P3,03,Medium,23.81,0.11447167670725177,0.015955282282073806,0.050539606256518925,0.0539144952545056,0.04042349102061264,0.0009147260551473228,0.0007419625721383175,0.0008344390576549126,0.0018550932977177384,0.6051099908754781,0.9058676573125962,0.6226921236538455,0.8247394985465804,0.002090831719701119,3.54e-06,6.532714362602402e-07,1.6610086166066376e-06,1.0941920269179543e-05,7.845663133797862e-10,3.0645655871512907
C6_P3_04,C6,P3,04,Medium,23.81,0.11470267306779439,0.025046784469076672,0.04609757901800729,0.048993200579943705,0.043968228273373246,0.0010135533531942895,0.0009106359748480899,0.0008536652945163889,0.00182240925562612,0.6065878748747351,0.9329948596200669,0.7241687947627929,0.8173188341829766,0.0020748874561968117,3.54e-06,5.410859475008821e-07,1.457033830234811e-06,1.0839521555083177e-05,7.786892916429745e-10,2.967909284255774
C6_P3_05,C6,P3,05,Medium,23.81,0.11587680242542622,0.029707424541446217,0.0541627272377782,0.05265229487276067,0.04363798907445098,0.0010696019170249765,0.0008866840624846968,0.0007817416663701794,0.001905027602286606,0.6860448446978372,0.9283910195734965,0.610418951398122,0.8028454295377816,0.002168461047907246,3.46e-06,6.186326709398661e-07,6.869901618702805e-06,1.160677341652241e-05,8.236615337793678e-10,3.026325076802169
C6_P3_06,C6,P3,06,Medium,23.81,0.11581434161282651,0.03013463642294029,0.053826952131114436,0.05381288253566467,0.040144683362044055,0.0008843246315587438,0.0008036241761518863,0.0008225895115402467,0.001926947299269708,0.786169297573454,0.9286975497410669,0.6910673844456302,0.8285012571310395,0.0021404033162346274,3.54e-06,4.851978164046418e-07,1.5726552777101275e-06,1.131402774615153e-05,7.760740446137523e-10,2.727184690680739
C6_P3_07,C6,P3,07,Medium,23.81,0.11411423027692255,0.020506738918766833,0.049749486197810534,0.055887019893894815,0.04299904967495241,0.0011440585412475447,0.0006785232528512914,0.0007675166105990072,0.0018537734351834283,0.8376680089033879,0.8351027826508537,0.667806347267532,0.8101017032311008,0.00207135690785423,3.54e-06,6.269371724490474e-07,1.692156317025649e-06,1.0766550537554525e-05,7.418900409587701e-10,3.1375823998879224
C6_P3_08,C6,P3,08,Medium,23.81,0.11402545530544436,0.026389570763867595,0.05222067084862069,0.05248912422566016,0.03463266798715618,0.0010562563763529824,0.00068270130690397,0.0007702728186693529,0.0018970077351655405,0.7456737350333087,0.8731030519179629,0.6670716785692281,0.829415982145184,0.0021067505043888637,3.5e-06,5.522970939308728e-07,1.6423566966795324e-06,1.0851917444563574e-05,7.591353730779355e-10,3.0025766919643226
C6_P3_09,C6,P3,09,Medium,23.81,0.11498345209989748,0.019906197352744594,0.05057200520023974,0.05205314677925881,0.03807043712139632,0.0009397750900131077,0.0008158363000001378,0.0007693267413437104,0.0019041510827039775,0.6516160011358653,0.9249550321293264,0.6663863477583944,0.845468520829133,0.0020588814830026186,3.46e-06,5.258153594740683e-07,6.66349128848087e-06,1.0809583765043926e-05,7.870401644787737e-10,3.058522532802301
C6_P3_10,C6,P3,10,Medium,23.81,0.11385195550690237,0.0237751722280024,0.04637077120058986,0.053097305209418036,0.04154260588955675,0.0007805485437106911,0.0006769734561430186,0.0007506593699004358,0.0017745135378362518,0.5732318018496825,0.8431867825649256,0.6717810317943349,0.7839841807952035,0.002120012857594887,3.62e-06,5.708921392819522e-07,6.702739305305717e-06,1.1022754961063478e-05,7.607882465510447e-10,2.819771463691684
C6_P4_01,C6,P4,01,Medium,23.81,0.11464473890375035,0.029662519902127857,0.04548935072880256,0.05505520663674255,0.05701093337157768,0.0009289498468873831,0.0008635010893982642,0.0012216736253534476,0.0013052161311896647,0.7580015165402963,0.8918295814388646,0.7818773459971738,0.8423751109772003,0.0021014311319686057,3.74e-06,6.196861807923689e-07,2.51356314599315e-06,1.1366262031594235e-05,8.179647341750167e-10,2.728272468128331
C6_P4_05,C6,P4,05,Medium,23.81,0.11477652761865006,0.03015858413536832,0.04829646914073027,0.05236275383033781,0.05872062582200496,0.0009816759009904957,0.0007742244644521508,0.0012097914310534581,0.001321230300073497,0.8604071598929572,0.8186933707788341,0.782555505906774,0.8480302268452069,0.0020650493757461167,3.74e-06,5.665326607756419e-07,2.4425190284862654e-06,1.0766365710888598e-05,7.596688666898503e-10,2.7008419045690633
C6_P4_10,C6,P4,10,Medium,23.81,0.114461086336567,0.024435093016743386,0.05013119463330289,0.05591586902520263,0.05742142001554531,0.000854440357651894,0.0008482735474912637,0.0012187881069702228,0.0012401072926452226,0.8446105260819333,0.8764178969263602,0.7584941216970171,0.865232395659207,0.0020761673502934608,3.62e-06,7.978344288423854e-07,2.558205926703228e-06,1.1072003888930976e-05,8.445503405828816e-10,2.7335323187581335
C6_P5_01,C6,P5,01,Medium,23.81,0.11442198290008815,0.032758183243217366,0.04401662940240948,0.04112601038468733,0.043880593384090706,0.000841945195897819,0.0009124969526468908,0.0008848146709540476,0.0018254451075312608,0.47548062302405475,0.7858583270351077,0.7618931352843877,0.7910048102840129,0.0020910850222880433,3.38e-06,5.167187670395599e-07,6.021820822670818e-06,1.1538193418300499e-05,9.214805646746165e-10,2.618606349576089
C6_P5_02,C6,P5,02,Medium,23.81,0.11555953773651234,0.03680160729158423,0.04555597547613426,0.045381582529860486,0.04384873998831318,0.0010133669727972873,0.0009177120170172227,0.000923282633344268,0.0018924018337327275,0.6763363726770283,0.8722821824010318,0.7472888389455248,0.7930384204360068,0.0021617518789756045,3.3e-06,4.7151307959307105e-07,1.5612229011711531e-06,1.1668053726219062e-05,8.59347959448391e-10,2.679916932331143
C6_P5_03,C6,P5,03,Medium,23.81,0.11447765274177144,0.031062279522222343,0.04883993655479517,0.04313973396750435,0.04488112160777636,0.000867050883040053,0.0009409308519803024,0.0008187436595918183,0.0017045842975266698,0.6432850826629287,0.8270846268517151,0.7575141032185927,0.791162212758634,0.002086075595802215,3.38e-06,6.330521195695805e-07,6.06124491552917e-06,1.1338677991135187e-05,8.855196967710212e-10,2.5724152680697236
C6_P5_04,C6,P5,04,Medium,23.81,0.1145603644022469,0.036718396672214194,0.042978097085047434,0.05153912349820555,0.037341116440504994,0.0009921539068612365,0.0009017150399151182,0.0008673860641533125,0.0017282419991289388,0.5918891951216676,0.9288873586512112,0.6869706926838922,0.7857723352736029,0.0021357195594592904,3.3e-06,4.546818764833373e-07,6.005352358968713e-06,1.1540309718612803e-05,8.767881672131888e-10,2.691140323053324
C6_P5_05,C6,P5,05,Medium,23.81,0.11344453671758527,0.036211683325883384,0.050052439106155346,0.04583709587017035,0.043954867186932506,0.0009109854563679253,0.0009590388652042137,0.0008842975714620474,0.001774191302164663,0.6218149243682494,0.8605600958433209,0.7611646147583464,0.818127589929318,0.002080978386950974,3.38e-06,4.5885746064954067e-07,5.957573197066363e-06,1.123496674943621e-05,9.08455402026622e-10,2.6023324583907246
C6_P5_09,C6,P5,09,Medium,23.81,0.11646529175431428,0.037293282852214685,0.044537637215812505,0.044512176755962085,0.03587925173992768,0.001025236088363046,0.0008559201471353476,0.0008683361171860614,0.0017520774930771356,0.7081114511276214,0.7975311344380354,0.6780112443644708,0.8058568226339883,0.0021950232347603816,3.42e-06,4.462629209922822e-07,6.525354173339097e-06,1.2172037196879179e-05,8.901724498112611e-10,2.502906631296133
C6_P5_10,C6,P5,10,Medium,23.81,0.11520395424908113,0.03958585862400433,0.040934753799559916,0.045246377981660015,0.03654952345952198,0.0008139464629077772,0.0009487329633208353,0.0008684265428360314,0.0019443427984815731,0.5787190741143476,0.8388187585039144,0.7069205435414084,0.8125726331937182,0.0021227337315190583,3.42e-06,5.070851497017249e-07,2.8586893563126354e-06,1.167457039829874e-05,8.840701855434117e-10,2.5074471492197814
C7_P1_05,C7,P1,05,Medium,64.0,0.12579341997244892,0.03912992333839375,0.05326013191390839,0.061793965315116786,0.05896651241531942,0.0010566541724847077,0.000555477345694344,0.0007429233907771502,0.00136674164179829,0.8680846645788117,0.8465657666062235,0.7704017333191581,0.7712146402436004,0.0019346024804712764,3.7e-06,4.46188978097674e-07,2.053644299984502e-06,1.0670872955748532e-05,1.015849455880669e-09,2.2614837231498117
C7_P1_10,C7,P1,10,Medium,64.0,0.12540478121985993,0.03355610804964704,0.05565378089607532,0.062066864611328584,0.05968057098892897,0.0008623502394169364,0.0006240034491286214,0.0006909980130450054,0.0013767685516850843,0.9649892256029542,0.7717979699665998,0.725655459402448,0.7542650817540568,0.0019070496415198221,3.7e-06,6.775848284955847e-07,2.017124208940251e-06,9.96628324969809e-06,9.042246452421225e-10,2.3794152297015727
C7_P2_05,C7,P2,05,Medium,64.0,0.12409339197600011,0.03166148873513237,0.06430667509885592,0.05708368765646105,0.06221491584743077,0.0007459361395506371,0.0006792877126892814,0.0007304322931672453,0.001345525527766374,0.653409116101107,0.7724755057075079,0.7181430480326451,0.7043375596345157,0.0019520079328931611,3.62e-06,4.94871899355822e-07,4.41621806845196e-07,1.0360530671986298e-05,9.43571706278095e-10,2.4146350939018264
C7_P2_10,C7,P2,10,Medium,64.0,0.12485994804478796,0.03372572564756251,0.05618011067092882,0.05783708941007922,0.056387787358898586,0.0009330209449464617,0.0006802730961407859,0.0007975933066347626,0.0013087873120203356,0.5918210788524395,0.8357998596599626,0.8558192066406568,0.722251057397072,0.001994068420275843,3.62e-06,5.771532012247637e-07,4.62897719672485e-07,1.0714831149455341e-05,1.0034821263149204e-09,2.339669879446546
C7_P3_05,C7,P3,05,Medium,64.0,0.12412253337575625,0.03706678957084204,0.04507059053494027,0.05083962437457015,0.045488982476557444,0.0010221913645280956,0.0009149606242889199,0.0013360993099562949,0.0021600872417451844,0.6674791107675363,0.9697055211373916,0.7497072403637879,0.8663588046904387,0.0019483160655106697,3.46e-06,5.792071940128071e-07,3.969243610733188e-06,1.1123397650069536e-05,1.0688945795062287e-09,2.334413669792234
C7_P3_10,C7,P3,10,Medium,64.0,0.1254282823087314,0.03525591020897424,0.04664693768428647,0.051411728837001035,0.04876891801036967,0.0008817911963647077,0.0010267368955051575,0.0012644811511449314,0.0021199771777488012,0.6200027156544339,0.9764738948090597,0.7863216995874536,0.8428408601391401,0.001975075981346685,3.46e-06,5.16378045055513e-07,4.016048076597132e-06,1.1407945859290957e-05,1.0393639104403116e-09,2.4293753943193037
C7_P4_05,C7,P4,05,Medium,64.0,0.12421093749924855,0.031251223998931314,0.04362928875391148,0.056431223071171176,0.05720932968528376,0.0010670148259234273,0.000630266112516118,0.0010063079440189716,0.0010720492187758167,0.7881193501746974,0.7845391172591694,0.9476705250025097,0.7350333694931004,0.001983726036737922,3.78e-06,7.010897944541621e-07,5.41981115295071e-07,1.044428133764696e-05,8.146867813804613e-10,2.359464175722484
C7_P4_10,C7,P4,10,Medium,64.0,0.12321308322037941,0.04242764223245199,0.03900706167317404,0.05586840255964284,0.05860348655473725,0.0009008083936317601,0.0006395872714332491,0.0010369810565703697,0.0009182578799374051,0.7363210367744317,0.7315125893006745,0.9409664329765374,0.7803630959263795,0.0019790272782857694,3.74e-06,4.11047855953649e-07,5.920174323748563e-07,1.0379337652102618e-05,8.522958757951946e-10,2.1109812640447307
C7_P5_05,C7,P5,05,Medium,64.0,0.12544093539733794,0.030115690961065627,0.058051496265339425,0.06046708559653828,0.049243913991515266,0.0011134482589344572,0.000511698700720694,0.0011324119043366024,0.001655328857791654,0.8890347269790341,0.8144704814064692,0.9356618632026106,0.909550742574979,0.0019483798634877421,3.3e-06,5.320507605593264e-07,5.239829919916653e-07,1.061273832926887e-05,9.97867829157766e-10,2.512186059994103
C7_P5_10,C7,P5,10,Medium,64.0,0.12389473663291714,0.045782901426591575,0.05641106692918765,0.05785432601529733,0.04944515571805173,0.0009727964121565525,0.0005446748629588255,0.0010912318174784196,0.0015947047301418773,0.6762754651869359,0.8685259676208553,0.9106998609336735,0.9254906705320517,0.001938384441395916,3.3e-06,4.4308609744846023e-07,4.646921780647707e-07,1.0276729555383488e-05,9.504103249996269e-10,2.319477648977612
C7_P6_05,C7,P6,05,Medium,64.0,0.1205266656064713,0.03937969119329619,0.051283558341587474,0.057348973747257934,0.05762043689883271,0.0010522185723770652,0.0007309675481296423,0.0007451707740078894,0.0009351987491120677,0.9073981275228423,0.8347241049824426,0.7341522600686986,0.6736036106695358,0.0019814232647866756,3.78e-06,6.166577904371206e-07,4.496496803250816e-07,9.793917744505671e-06,8.167806822382898e-10,2.4047636481419152
C7_P6_10,C7,P6,10,Medium,64.0,0.12188981343450163,0.03524134785995765,0.05126223611669467,0.05482297393443444,0.05987327924013977,0.0008483785595905743,0.0007683757181291811,0.000726185865223336,0.0008094930113262764,0.9133042480269596,0.919626152562696,0.8151545021212616,0.6128203330117957,0.0020070977906116983,3.74e-06,5.932047257535309e-07,4.97124769456983e-07,1.0046167367538092e-05,8.752666116489601e-10,2.4696422768020057
C15_P1_03,C15,P1,03,Medium,10.14,0.13686550636581418,0.09759678419726577,0.050031567164452805,0.055838712100284675,0.053211350442037564,0.0029708048898038127,0.0015496636386107183,0.0012165058108703824,0.001011773694262662,0.4895812580190424,0.9348978910546463,0.9721715038866571,0.9657897610494127,0.0017346189397582795,1.026e-05,3.2145097911267813e-06,5.480207687285025e-06,3.811128474717384e-05,3.1252991932487616e-09,3.168492664505174
C15_P1_05,C15,P1,05,Medium,10.14,0.13674189524489583,0.09156339852880625,0.05010583130757323,0.05802524139366401,0.053999284265971614,0.0028829187307519775,0.0015229166904280936,0.0013003485924328044,0.001034994236403301,0.4594133578842775,0.8824522429451246,0.9638141812460514,0.9890930010170934,0.001724275199741454,1.006e-05,4.35583726534112e-06,1.520105643121936e-05,3.5806288429895835e-05,3.0018974408896575e-09,3.2800650972997234
C15_P1_10,C15,P1,10,Medium,10.14,0.13637987939595736,0.09322683290289716,0.05016306757011406,0.059179558315252685,0.05464827476387199,0.0028252953102772945,0.0015273734215348197,0.0011855502049697266,0.0011590293085348897,0.5109877930229443,0.8537214560484659,0.9960312542588257,0.9862717856589107,0.0017266831276952263,1.01e-05,4.272000176893572e-06,1.5441440303801987e-05,3.564853407150521e-05,3.0212357772195556e-09,3.0931169543514505
C15_P1_09,C15,P1,09,Medium,10.14,0.13580091658174717,0.09071025859277929,0.050303160425895964,0.05907334010672014,0.05456151790652569,0.0029000076861975524,0.001492942022929287,0.0011515489664759686,0.0011059836269190072,0.45720134616878866,0.8639950893441379,0.9793705524027746,0.9388667505122169,0.0017200184317117937,1.05e-05,4.12674944477292e-06,1.543411452041414e-05,3.5313194556456156e-05,2.9940848714249895e-09,3.222427806938965
C15_P2_01,C15,P2,01,Medium,10.14,0.12828555382035906,0.026488052230902608,0.053728569553340814,0.05267737419941486,0.049480594750526595,0.0018648383867629751,0.001274587963974519,0.0010887440420055835,0.0009633509538633067,0.8720045815446785,0.9537521920179324,0.9458193580292147,0.9779020349502793,0.0017592430743161647,9.6e-07,9.165292072760971e-07,8.124320746881045e-07,1.508751817041993e-05,1.1843160371138749e-09,2.9772185695475404
C15_P2_03,C15,P2,03,Medium,10.14,0.12844703557527207,0.026971803906501158,0.05370761475927667,0.05609034992257805,0.05323311281676162,0.0017816141182114453,0.0012544703862175548,0.001067515279225521,0.0009155359513937059,0.8813310876867814,0.9492120779134389,0.9858905470468524,0.9615492690537478,0.0017794242380678397,8e-07,7.513459567064991e-07,8.53504853222253e-07,1.5123206083287617e-05,1.2183654099508022e-09,3.016080566239795
C15_P2_06,C15,P2,06,Medium,10.14,0.12934506468161341,0.028788300341196824,0.052836096314419385,0.05535990103255663,0.04687243507574248,0.001752330073996904,0.00115128147942535,0.0011158062070580645,0.0008993966328893368,0.8461700579244545,0.9751543432061294,0.8997516734239732,0.9231490061758071,0.0017753997055084399,8e-07,7.498063631006476e-07,1.0059745228778454e-06,1.530634169081513e-05,1.1935870680016e-09,2.814677995786354
C15_P2_10,C15,P2,10,Medium,10.14,0.12870721524270545,0.030419859499631288,0.05290284779734301,0.05467088152119815,0.05062976367336354,0.0018187157935623138,0.0013286033740480855,0.0010715074346711868,0.0009053336436003829,0.8792309453303959,0.9780304790360798,0.9275318900625102,0.9651168408914081,0.0017589404245960817,1.04e-06,9.428563611809021e-07,7.508086874979651e-07,1.5111338879501253e-05,1.1956343051140339e-09,2.846234955913583
C15_P3_01,C15,P3,01,Medium,10.14,0.13688236836974627,0.07051840924660495,0.061670224229364835,0.05217099147313614,0.053922946921474015,0.002990229019113789,0.001851244041612926,0.001296803734023574,0.0009870980171710762,0.8515551572743132,0.9516250658434066,0.9850202619071455,0.979478558920006,0.0017805932901779258,1.72e-05,1.2054357927757952e-05,4.377369516840509e-06,3.397147152064126e-05,2.8142870810943335e-09,2.996212175354139
C15_P3_05,C15,P3,05,Medium,10.14,0.1362215825159232,0.06556800564209622,0.061813391325990244,0.04937187280818425,0.05519206625167836,0.002784423500789092,0.001900057668708975,0.0012278313560332482,0.0011285846329783635,0.8549216894006899,0.9226735734069039,0.9624162604903013,0.9757347286279218,0.001717459003057462,7.62e-06,3.213883339150863e-06,1.551579525199781e-05,3.0370543904886705e-05,2.676902029725244e-09,3.022946996594122
C15_P3_10,C15,P3,10,Medium,10.14,0.1340064073400445,0.06907901009097793,0.06070394003349603,0.051673028887774156,0.05429443788024742,0.002699977502275848,0.0017234887078317008,0.0012749227895238943,0.0010811078659364187,0.882450891479083,0.9357521920181847,0.9307575780302758,0.9702542310145519,0.0017074132141741685,7.66e-06,2.007571601036192e-06,1.599393001085842e-05,3.068662488812266e-05,2.6913560867525645e-09,3.0437134152559806
C15_P3_12,C15,P3,12,Medium,10.14,0.136456482438228,0.06727110360868876,0.061345200169465805,0.050851185501991164,0.05426031809541205,0.002731914968706602,0.0018290644530415607,0.0011886661824996685,0.001096677181137099,0.8707668957773749,0.9282125845175625,0.9181318155535365,0.9191231296746087,0.0017739515360150817,7.22e-06,3.279404419477355e-06,1.5572277705322797e-05,3.1501998049837046e-05,2.695239981861763e-09,3.161657848007031
C15_P4_01,C15,P4,01,Medium,10.14,0.134595805964387,0.08195241667115707,0.048745377353071474,0.05674473892643574,0.054371504557078405,0.002176420534614728,0.001130123375975512,0.0010971807670092136,0.0007903933630775375,0.8318788104543019,0.9665151727494038,0.9542581292834937,0.9866474162345948,0.0017561961638289526,9.54e-06,3.0797008845882404e-06,1.0409245873216799e-05,3.2997927043057224e-05,2.8590712453108162e-09,2.70513749570344
C15_P4_03,C15,P4,03,Medium,10.14,0.1335504461855762,0.07709466106551452,0.05130684302995334,0.05311424071741022,0.05457933614151935,0.0023996718996248272,0.0010860623028296527,0.0009696869639170702,0.0007374774761597431,0.9026344750105139,0.9304818070754997,0.970744626611267,0.9478908521826351,0.0017553836896621842,9.78e-06,2.9441180022941807e-06,1.6162774921237664e-05,3.140882523853801e-05,2.764030756755701e-09,3.9978499206911207
C15_P4_09,C15,P4,09,Medium,10.14,0.13368406316859488,0.08060451178829012,0.05261081924212109,0.056777329747418795,0.05307263167049276,0.002427365805952737,0.0009419312934888532,0.001073812511255863,0.0008055161464786826,0.941079420078032,0.9258821224001023,0.9784139840018228,0.9735190343439428,0.001748879321991751,9.38e-06,2.261335171221365e-06,1.5918598336685705e-05,3.1878105055441684e-05,2.8155233368210264e-09,4.049508480786203
C15_P4_12,C15,P4,12,Medium,10.14,0.1340413116931658,0.08102084547923316,0.05255658832809791,0.057510138579008344,0.05502116640270988,0.002230227630627544,0.0011291037519238914,0.0010188933990972087,0.0009214353008676116,0.8827781502806759,0.9242054057537732,0.9622324962994758,0.9683831300489076,0.0017464012184077397,9.22e-06,2.958723306096011e-06,1.6327848153007863e-05,3.198410320850829e-05,2.824436295830595e-09,3.978378648483538
C15_P5_01,C15,P5,01,Medium,10.14,0.13636363195890971,0.05063169120145985,0.055622553227319835,0.044217949314884944,0.05569848724430592,0.004915271334378499,0.002797497606791546,0.001367162910237966,0.0011213416699666738,0.869609625700046,0.6715682454807349,0.9316106612448937,0.9915123376042148,0.0018139415056374838,7.98e-06,1.4285575111292927e-06,1.2100565012861878e-05,2.8799759426706375e-05,2.2239346088327984e-09,3.106481593401814
C15_P5_05,C15,P5,05,Medium,10.14,0.13397822472731147,0.05012597695256945,0.05597308143293761,0.044156341043384416,0.05868372901370371,0.004913962757792687,0.002714243797341104,0.0012939711659638844,0.0010646011554789484,0.8879417116446203,0.6806532268246184,0.9014393069439758,0.978144015449734,0.0017475530747089326,8.18e-06,1.4027190757735435e-06,9.644230180975772e-06,2.784956813926815e-05,2.2058654445346797e-09,3.042254195071915
C15_P5_10,C15,P5,10,Medium,10.14,0.1348622828615294,0.048832695400859584,0.056041505884147164,0.044345010966148984,0.05560318247539011,0.0047038969142989785,0.002673808620889194,0.00136526237091411,0.0011397115392086676,0.8732045634567107,0.672014836071254,0.8745127244184945,0.9447470868036912,0.0017856318670511622,8.26e-06,1.6485205348920194e-06,9.671538254424162e-06,2.6897926437984887e-05,2.1270551591784287e-09,3.299560587398641
C15_P5_12,C15,P5,12,Medium,10.14,0.13536462793582904,0.051341738103454326,0.05521329451141852,0.04336473292920653,0.05674440451923613,0.00478891060755065,0.002555876438510259,0.0013824079272587767,0.0010585363718120975,0.8609819044614602,0.6628913453863844,0.9279521963880528,0.97944700917283,0.0017810125662003323,8.18e-06,1.5036821004983014e-06,1.0297510841957082e-05,2.780558364712551e-05,2.2235809456971766e-09,3.0435609385219253
C16_P1_01,C16,P1,01,Medium,12.9,0.13486091899621552,0.0403579613579981,0.059611319481527335,0.048541511304799195,0.059581666133412335,0.003145431781596115,0.004314759882162671,0.0017525682286521366,0.0012041851112302724,0.8671422636857139,0.9021535188550133,0.8023322012801773,0.9818815491276924,0.001755535232982981,7.78e-06,1.7811862364003269e-06,3.0092939907757184e-06,2.342994091368052e-05,1.8222122400019043e-09,3.3743115347174126
C16_P1_05,C16,P1,05,Medium,12.9,0.13388708626565454,0.04239169988547104,0.05934002633223124,0.04935864623392864,0.05882616035531206,0.0032526733813013284,0.004073834510738318,0.001611356102210566,0.0012547469240708872,0.8668781658981618,0.9158549418073915,0.8366218622695154,0.9767940311646571,0.0017380478574288742,8.02e-06,1.4044460052739825e-06,4.451827732215877e-06,2.2354427114770214e-05,1.7343464647416347e-09,3.5652356862284
C16_P1_10,C16,P1,10,Medium,12.9,0.13323468682462794,0.04107183945251251,0.059411121491875975,0.04979306430287877,0.05955942351563891,0.003137537758875688,0.0039677953173867615,0.0015732134801184799,0.0011179829303339143,0.835287535930507,0.9223326495946697,0.7855984690143702,0.9901104197091657,0.0017802831952422622,8.1e-06,1.3006340613248317e-06,4.323549588694457e-06,2.2188115366146207e-05,1.6961441497660202e-09,3.4264868507630886
C16_P2_01,C16,P2,01,Medium,12.9,0.13352279268745781,0.02885609768877539,0.05007352674833824,0.05005047215913456,0.054682315898512024,0.0022684902531401995,0.002427503463824655,0.0008663403428130791,0.0007483286709240424,0.7591050552942181,0.8992652436337196,0.561170982685155,0.9676770504469928,0.0017629509638975968,6.8e-07,6.52012652251367e-07,6.604157323813738e-07,1.9363190641230664e-05,1.559723940134252e-09,2.349766430008793
C16_P2_05,C16,P2,05,Medium,12.9,0.13211552894562567,0.029164634135237563,0.05178130755251901,0.051653852588111296,0.055602824943974845,0.0021372912990362553,0.002488551716749651,0.0007195572958761647,0.0006282373157910237,0.7419984468024844,0.9190416250145242,0.4780554370409128,0.9386728172620287,0.001710567641076514,6.8e-07,6.534170446955117e-07,7.412358604586994e-07,1.9312286962476958e-05,1.6207870077429588e-09,2.392999142689106
C16_P2_10,C16,P2,10,Medium,12.9,0.1340318868485946,0.030346100212267964,0.05211036916059326,0.0505793837413022,0.05605699790032892,0.0022087266563148894,0.002519805899643856,0.0008286792394967758,0.0007875569627154475,0.7632423324620957,0.9004748528058399,0.5604294233890851,0.9545807969347806,0.0017550227532907227,6.8e-07,6.514448140555685e-07,6.815554924394544e-07,1.8960162721322864e-05,1.520204590665454e-09,2.3254193135493773
C16_P3_01,C16,P3,01,Medium,12.9,0.13269808532287547,0.03805271676445139,0.049201986572105,0.044863791737065756,0.05306619835776715,0.002568728516703316,0.001933903058131625,0.0010109525119628708,0.0007238189083091306,0.7867600793115653,0.6925982396864209,0.8358001031599206,0.9773040991440562,0.0017661771458814491,6.8e-07,6.616551818984594e-07,5.620760229328355e-07,1.900768380250064e-05,1.5256990428500044e-09,2.568679796484697
C16_P3_05,C16,P3,05,Medium,12.9,0.1316205856076607,0.03143327592401585,0.04921813868697789,0.0457053318065217,0.05422865607899122,0.0025413674370493066,0.002021429840268665,0.0009756126882309516,0.000638255037170437,0.8190114817944875,0.7644140622466409,0.7264983268293432,0.9196115760185319,0.0017612114111238576,6.8e-07,6.593297730653393e-07,6.63489993087969e-07,1.8726591415644248e-05,1.4760439610007937e-09,2.581233479017307
C16_P3_10,C16,P3,10,Medium,12.9,0.13167255291112345,0.03134613292337005,0.04934668617770301,0.04636040770871314,0.05404477175395146,0.0024057914664913525,0.001984706796368523,0.0009732011481888585,0.0007330858784917863,0.769180964915658,0.7578684952093853,0.8129906816963192,0.9765755480695634,0.001713210439171337,6.8e-07,6.621804459058687e-07,6.113074816945039e-07,1.8046687381085956e-05,1.4227377368000053e-09,2.574727603411985
C16_P4_05,C16,P4,05,Medium,12.9,0.12835064103937144,0.033604383024116294,0.054999931349619224,0.043298854163011054,0.05475151133248232,0.0021324934571639487,0.0025318620016708646,0.001602868194778245,0.0012620008868024762,0.603212693043071,0.7639495817674027,0.8218269903088334,0.9462175761536071,0.0017544039020563579,5.6e-07,9.473546582014799e-08,1.1263439493503491e-06,1.656671237109687e-05,1.238180789242896e-09,4.69850257801097
C16_P5_05,C16,P5,05,Medium,12.9,0.13076837757991283,0.040533484989001126,0.04204777017486299,0.054603311854554644,0.051321332124807516,0.0029585570479509064,0.0021639786707061326,0.0011025898276730366,0.000916784925867461,0.8358760909494476,0.7848025513775917,0.9416967729425613,0.9751730178172432,0.0017844418598834517,7.34e-06,2.6553683723368685e-06,1.5202314395153838e-05,1.8465313399216514e-05,1.6376452807049896e-09,2.881277140074439
C16_P6_05,C16,P6,05,Medium,12.9,0.1345643135487163,0.05068864984029657,0.05477931046207515,0.04977832851612115,0.05255623199158025,0.004426355123994944,0.0027987765700862558,0.0011985571288593443,0.0008358897764975215,0.8412317064402872,0.850885740072856,0.805410945381946,0.8978158318879793,0.0017526011681106726,7.46e-06,1.4253909507120628e-06,4.058188897615463e-06,2.4798972573210456e-05,1.9672273753431613e-09,2.60347179389438
