instance_id,coal_sample,pellet,subsample,scs_class,target_value,Spectral Centroid,SNR_raw,Spectral Bandwidth 5,Spectral Entropy 4,Spectral Centroid 3,Kurtosis,RMS value,Absorption Proxy,P2P,Wave Energy 3,Acoustic Velocity,Peak Time,Spectral Centroid 2,Dominant Frequency 1 peak,Spectral Bandwidth 3,Wave Entropy,P2P-TDB3,Peak Duration,Spectral Centroid 4,Dominant Frequency 2 peak
C5_P1_01,C5,P1,01,High,317.617,8.996446360526598,15.242165155535288,0.08307493289825389,0.9423898494167074,0.6663289663025893,293.0374124588854,0.002325478146339995,0.0044695269408416,0.0055301679380763994,3.0787268065394714e-06,1840.4907975460123,6e-08,0.5015206421294072,0.26737967914438504,0.058255086664424735,0.9132865737636784,7.219279705891109e-05,1.0474768356762682e-06,0.8896266829850183,0.5729564553093965
C5_P1_02,C5,P1,02,High,317.617,8.881984055804613,17.235589028897103,0.08289925871682192,0.9318220618420651,0.6644033500942532,262.44466324109067,0.0022592046048356272,0.0044070900994228,0.005514475256008599,2.9037961422515855e-06,1056.3380281690143,6e-08,0.4932407630433664,0.3819709702062643,0.06265020776474839,0.8948863683941449,7.528044632688517e-05,9.317771079537699e-07,0.8856445282755421,0.42016806722689076
C5_P1_05,C5,P1,05,High,317.617,8.999614360167158,15.172244349827249,0.08322972742060371,0.9322826342756735,0.66722277581827,294.7201351649665,0.002303027903807402,0.0044214472340806,0.0054680649835101,4.048024543497552e-06,1851.851851851852,6e-08,0.5095676094755831,0.3819709702062643,0.06050756231688749,0.9161663333859456,6.651418367865336e-05,1.0033948748025724e-06,0.8841702790065499,0.5729564553093965
C5_P1_09,C5,P1,09,High,317.617,8.95109591553643,10.815057105916866,0.08578131684844954,0.9343648956522019,0.6667548299289873,276.9396861181512,0.002318507302807877,0.0044287927448357,0.0054643922281325,3.399633278174893e-06,5172.4137931034475,6e-08,0.5076090577671127,0.3819709702062643,0.06469164495493661,0.9039744207310012,6.290091679970278e-05,1.100629995692248e-06,0.8827205189687615,0.5729564553093965
C5_P1_10,C5,P1,10,High,317.617,8.919112897889752,10.560859674762053,0.08418293788188522,0.971140767219001,0.6684230112874608,272.85593975094633,0.00227734430785143,0.004396739606995,0.0054754104942652,4.328683027103636e-06,5263.157894736842,6e-08,0.4975737348113562,0.3819709702062643,0.05721342626462329,0.9050551762597453,6.331437892580422e-05,1.1019082217397465e-06,0.8903807714404952,0.42016806722689076
C5_P2_01,C5,P2,01,High,317.617,8.908073006021537,15.157129813362744,0.09417396065036703,0.8687882476711174,0.682261956729033,275.0362574200022,0.002254419938932972,0.0043696947719419,0.005488765968365499,3.440044690763204e-06,1807.2289156626507,6e-08,0.5334831628304324,0.26737967914438504,0.06516584286968188,0.8945599972314495,4.7392177849610117e-05,9.373741681487191e-07,0.8777824203913597,0.5729564553093965
C5_P2_05,C5,P2,05,High,317.617,8.94763607072128,17.59390258095177,0.09805584200222711,0.8929099196055865,0.6818331901672449,290.59365727274115,0.002290808226108527,0.0043747030747296,0.0054673972098051,3.2003351099296223e-06,1027.3972602739727,6e-08,0.5359470509586493,0.26737967914438504,0.06446458132670273,0.8991283904522389,7.344585980904568e-05,8.456385856808863e-07,0.8803320522345103,0.5729564553093965
C5_P2_10,C5,P2,10,High,317.617,8.937671418958278,17.395533837126504,0.0993440077896144,0.8331695939830224,0.6915046960724202,267.334595687197,0.0022625301164333872,0.0043957379464375,0.0055688988129673,3.636130321375189e-06,1027.3972602739727,6e-08,0.5212990483386565,0.26737967914438504,0.06375061691208718,0.8761376547121198,9.276102045819757e-05,9.340730754765911e-07,0.8770261306716602,0.5729564553093965
C5_P3_01,C5,P3,01,High,317.617,8.990505881317652,15.817766187898442,0.07063885153405261,0.7808117445743388,0.6931395807761914,304.6729368313609,0.0022885587841103,0.0044828824149419,0.0055532061308994005,1.2186592818828108e-05,1587.3015873015872,6e-08,0.4936364643151945,0.26737967914438504,0.04728783247592624,0.9209567621772484,5.286275045388743e-05,9.675238143945147e-07,0.9285507495284772,0.4965622612681436
C5_P3_05,C5,P3,05,High,317.617,8.965246382014136,15.944641532936242,0.06931235543857094,0.8489991860380092,0.688357643063534,297.89992477157597,0.002279686424801716,0.0044077578731278,0.0055021214424659,1.10165064990341e-05,1554.4041450777202,6e-08,0.5018996111023186,0.22918258212375858,0.04995209007999977,0.9119362353770604,6.174798423821467e-05,9.482047534089503e-07,0.9230006421486827,0.4965622612681436
C5_P3_10,C5,P3,10,High,317.617,8.909106001530905,10.530685713146958,0.07159508712358915,0.845001153256036,0.690063477837876,297.125928342703,0.002275247845335825,0.0044341349344758,0.0055628888496221,1.0828218778802898e-05,5263.157894736842,6e-08,0.4982721134072302,0.26737967914438504,0.04948736797189845,0.9102637572785948,5.082742371843823e-05,9.639439975619628e-07,0.9211938190205448,0.4965622612681436
C5_P4_10,C5,P4,10,High,317.617,8.824191959601283,10.739442821484118,0.0953890996720813,0.8494310776196711,0.7068005066276819,258.8451910102207,0.002297054177850762,0.0044611797695289,0.0055298340512239,2.9690223030954005e-06,5172.4137931034475,6e-08,0.5281127334610479,0.26737967914438504,0.059202152647312066,0.8963217366144152,5.846393418053333e-05,8.062752155721312e-07,0.879074582818565,0.5729564553093965
C5_P4_01,C5,P4,01,High,317.617,8.862276305282604,15.523712327005697,0.09794855038191065,0.7852057359669298,0.7024496561936743,247.8424092678563,0.0023244877770886726,0.0044812129806793,0.005512138048041,4.27540475381421e-06,1775.1479289940828,6e-08,0.5239139732580487,0.26737967914438504,0.05763636202924109,0.8802333473388355,6.203888166003866e-05,8.146939993346288e-07,0.8736508388919323,0.5729564553093965
C5_P4_05,C5,P4,05,High,317.617,8.867514066929859,10.894266040620321,0.09570748718097151,0.7766756473229876,0.7066793412176159,255.33796250357045,0.0023311080861797427,0.004463850864349,0.0055138074823036,3.8262475000020784e-06,5172.4137931034475,6e-08,0.5215144027417565,0.30557677616501144,0.05751153015161978,0.8886583925197065,4.041889886206087e-05,8.245056327340163e-07,0.8703838098981591,0.5729564553093965
C5_P5_01,C5,P5,01,High,317.617,8.843632424346278,11.886218623687114,0.09760919303104659,0.9198722841565621,0.7158801946455392,270.41386130023216,0.0022206575954920853,0.004351330995054,0.0055445250727341995,5.092037622553952e-06,3614.4578313253014,6e-08,0.5259417581061013,0.22918258212375858,0.05581228088733314,0.8998327266909981,7.43612109450379e-05,8.615107177851423e-07,0.8882754272022764,0.5347593582887701
C5_P5_05,C5,P5,05,High,317.617,9.00816600623011,15.328418016261198,0.09793999902560228,0.9075356638313673,0.7115926579356378,287.9094343664338,0.002278514591176491,0.0044114306285053,0.0055598838679495,3.6614101971628385e-06,1754.3859649122808,6e-08,0.5248660955286901,0.26737967914438504,0.052185221166742575,0.908107884729271,6.688336082914692e-05,8.640883846780174e-07,0.8928287034687276,0.5347593582887701
C5_P5_10,C5,P5,10,High,317.617,8.919964198753615,15.519120451685119,0.09843500723175153,0.9048245327656491,0.7063587762468704,287.93412867337935,0.0023034344275845767,0.0044187761392605,0.0054907692894806005,4.099138144320582e-06,1734.1040462427748,6e-08,0.5232914442984621,0.22918258212375858,0.05689949347336147,0.9088805598765509,7.486178368931663e-05,8.561392147975822e-07,0.897251381072115,0.5347593582887701
C9_P1_05,C9,P1,05,High,319.186,9.545218126355685,15.530649523796935,0.0879214824168952,0.9680657633645683,0.6750403680660948,169.28099613138016,0.0019443345453204804,0.0048434802156496,0.0063131326072057,1.4388185895353185e-05,934.5794392523364,8e-08,0.48789583172061035,0.3819709702062643,0.05372148088828799,0.8810118342118239,0.00015365468985770452,7.126939383091393e-07,0.8904437790271996,0.4965622612681436
C9_P1_10,C9,P1,10,High,319.186,9.62898101775479,15.744468639825937,0.08781122959362468,0.9284972883999778,0.677978125080633,173.33859853965484,0.0019740502195831964,0.0048254503256142,0.0062904283012352,1.1717753783898132e-05,925.925925925926,8e-08,0.48899235496833915,0.3819709702062643,0.05462958984678661,0.8814051210536387,0.00013431375825310657,6.954970372665974e-07,0.8902902713722494,0.4965622612681436
C9_P2_05,C9,P2,05,High,319.186,9.554647726635547,20.53905428364891,0.08654445962016633,0.9914468498033132,0.688408128874612,199.55598056278387,0.002018181913694232,0.0048842144116555,0.0062557040685745,1.1552291824092684e-05,302.7245206861756,8e-08,0.4931974909801968,0.3819709702062643,0.04599460906498659,0.8988965805165235,6.432063781142941e-05,1.5877859039591338e-07,0.896748611603508,0.42016806722689076
C9_P2_10,C9,P2,10,High,319.186,9.619988693604997,21.14355825461636,0.08745504245281112,0.9456081228647013,0.6896534046200048,204.47625681727368,0.002090518005856725,0.0049019104148384,0.006301446567368,1.3946368241362392e-05,276.7527675276753,8e-08,0.49276117899167965,0.3819709702062643,0.046743453759908814,0.900194182772133,5.16044287300693e-05,1.5635318361640684e-07,0.8845092114811636,0.42016806722689076
C9_P3_05,C9,P3,05,High,319.186,9.62993862840979,19.757878033228607,0.08606038139864099,0.9657694641337888,0.6812775941572222,205.31096006774754,0.002052901293798831,0.0049560000849445,0.006366554503606899,8.118624091357895e-06,364.5200486026731,8e-08,0.49855932874230063,0.3819709702062643,0.04632132113686698,0.9056445612615374,0.00011543229828568406,5.283438094082868e-07,0.8970895599278054,0.5347593582887701
C9_P3_10,C9,P3,10,High,319.186,9.582063602502588,15.87642365023451,0.08558583435517053,0.9804299558570863,0.6838123675645575,197.4462090041716,0.002038651664992916,0.0049289552498915,0.0062904283012353,7.857404345676097e-06,961.5384615384615,8e-08,0.5023338854182385,0.3819709702062643,0.04807074397590486,0.8982832405916381,9.462506636985304e-05,4.932177349985574e-07,0.8975060927400464,0.5347593582887701
C9_P4_05,C9,P4,05,High,319.186,9.532534580540931,14.980450607926073,0.08652056041532838,0.9568432574247038,0.6869170864696901,157.06227618964098,0.001968501268651057,0.0047870533375759,0.0062660545610022,5.394312080771008e-06,1045.2961672473868,8e-08,0.4917431288700665,0.30557677616501144,0.05216947604658755,0.8684372232346742,9.013759216040145e-05,1.1358459240795505e-06,0.9053449603087643,0.42016806722689076
C9_P4_10,C9,P4,10,High,319.186,9.473350800255556,20.01468609872294,0.0866912446502215,0.9620644980243304,0.6799258518412797,155.07694557875027,0.0020440399804988875,0.0049139303415287,0.0063027821147781,5.2528462243484125e-06,312.82586027111574,8e-08,0.4937934967384784,0.30557677616501144,0.04873052460496674,0.8620868106847046,0.00012659458465456288,5.384819848458107e-07,0.9058723451008155,0.42016806722689076
C9_P5_05,C9,P5,05,High,319.186,9.665054385304815,20.408843550310372,0.08855718306021287,0.9512211351803399,0.6899499192062921,183.27944255511818,0.0019713852416891058,0.0048037476802013,0.0062670562215598,1.7838505759605712e-05,273.47310847766636,8e-08,0.4980861555151423,0.30557677616501144,0.04790781066416448,0.8936874217476182,0.00011377036730973863,1.8655597886234605e-07,0.8901084629147212,0.42016806722689076
C9_P5_10,C9,P5,10,High,319.186,9.642181507560249,15.531436978433128,0.09052254905405155,0.9567789379173214,0.689369019915593,189.21380492298405,0.0020234179024971716,0.0049039137359534,0.0063431824239314,1.9441449487694673e-05,1016.9491525423729,8e-08,0.4974064396968631,0.30557677616501144,0.04649803145583287,0.8962825121784098,0.00014988231048998398,1.8292089060547498e-07,0.8905575871798947,0.42016806722689076
C10_P1_05,C10,P1,05,High,334.592,9.715633537418203,20.28884185564834,0.08692361451234644,0.9722186043390108,0.6881526588592906,197.22608556539362,0.0020845171218599233,0.0048979037726083,0.0062640512398872,6.803809749364342e-06,337.0786516853933,8e-08,0.49922364029783073,0.22918258212375858,0.05078097980430792,0.9050895491176636,0.00012473310326358212,1.7013294814079597e-06,0.8920165902137558,0.5729564553093965
C10_P1_10,C10,P1,10,High,334.592,9.79413199072741,18.870275853913164,0.08367028119441147,0.9884839346079708,0.6872341187126788,201.57472954232125,0.002113825703107118,0.0049132625678236,0.006265720674149699,8.967928259074796e-06,485.43689320388347,8e-08,0.49883086060909604,0.34377387318563785,0.049373160855273414,0.9081518504459594,0.00011295965498478489,1.7054737287317725e-06,0.8964018612513214,0.5729564553093965
C10_P2_05,C10,P2,05,High,334.592,9.863762643467012,21.295437045647596,0.09025434724790729,0.9405664675854665,0.6807391844227761,220.95846665037666,0.0020595858118778324,0.004928621363039,0.0063809116382648,9.072352302716922e-06,252.10084033613447,8e-08,0.4960257212948459,0.34377387318563785,0.05533027748510072,0.9157449585412959,9.113776844061383e-05,1.3743724552948978e-07,0.88947316176624,0.45836516424751717
C10_P2_10,C10,P2,10,High,334.592,9.894322441396312,19.382460771105848,0.08429621061324097,0.9930370103081464,0.6796283973694817,218.09623151883375,0.0020526289493799635,0.0049356329869416,0.0063391757817013,1.0404382224482958e-05,409.8360655737705,8e-08,0.5036556741762952,0.34377387318563785,0.054212438525445966,0.9128040491996712,0.00011697257037608763,5.438303048861382e-07,0.8940551376860327,0.5729564553093965
C10_P3_05,C10,P3,05,High,334.592,9.723345160636672,16.282034293222136,0.08454661500527366,0.8432637189225893,0.6834683353522427,194.11725045660572,0.0020552999550863065,0.0048888888275906,0.0062840844510376,3.1058146217892462e-06,824.1758241758242,8e-08,0.4903598506550328,0.34377387318563785,0.05516507459650045,0.9020970311408539,0.0001069144661729632,1.1361161038768175e-06,0.9156752402653638,0.45836516424751717
C10_P3_10,C10,P3,10,High,334.592,9.800871775205149,15.762126474837405,0.08602583782052681,0.9480392636333538,0.6803765860112907,193.94566222726272,0.0020683779495915414,0.0049426446108443,0.006297439925138,2.615107745946075e-06,943.3962264150944,8e-08,0.4882793886040278,0.34377387318563785,0.05095630850633574,0.9047119608018517,0.00010009816725531483,1.1366893799490773e-06,0.9037463430459015,0.45836516424751717
C10_P4_05,C10,P4,05,High,334.592,9.630141142548576,18.801421608172564,0.088890665449882,0.9585193141716486,0.6905377335074327,186.47187609241533,0.0020512382920309163,0.0048645150873576,0.006207290474961,1.4216648010393433e-05,460.1226993865031,8e-08,0.49689907612073503,0.34377387318563785,0.04857226372121613,0.9032040632987312,0.00015595749754901235,1.8533592526381188e-07,0.8866940174290965,0.45836516424751717
C10_P4_10,C10,P4,10,High,334.592,9.72520232199037,16.627784243591524,0.08688228000507381,0.9432726110729261,0.6824426394690593,203.23059474116872,0.0020303491264241766,0.0048882210538856,0.0063047854358931,1.289960515940141e-05,793.6507936507936,8e-08,0.4973982725249178,0.34377387318563785,0.04918734217720946,0.9093671435474768,0.00015137160158304268,1.8621636187532445e-07,0.8867710696814006,0.45836516424751717
C10_P5_05,C10,P5,05,High,334.592,9.63854075611158,18.81210973113483,0.08648319700368481,0.8945654781274495,0.6675564011627917,186.01292820435418,0.00203122845770746,0.0048868855064756,0.0062690595426749,6.055568021735238e-06,434.7826086956522,8e-08,0.49363698542037304,0.34377387318563785,0.05561631013566046,0.9003839412702337,8.406629145527343e-05,5.618727078710466e-07,0.9082162774518215,0.4965622612681436
C10_P5_10,C10,P5,10,High,334.592,9.646509711616654,16.23118459207656,0.08440604911079465,0.9689151859728948,0.6744152557842609,191.56647734483624,0.0020328452587805895,0.0048728622586703,0.0062713967506424,7.445573967977736e-06,862.0689655172414,8e-08,0.4928899912602197,0.34377387318563785,0.058189678683834456,0.9005599677215581,9.145322637833756e-05,5.655583851853555e-07,0.902925260727784,0.45836516424751717
C10_P6_05,C10,P6,05,High,334.592,9.880429597294246,14.61837804797633,0.08461117540458492,0.97597873158908,0.6736195966413683,212.5637553535353,0.002041617533832967,0.00485817123716,0.006285753885300199,6.0398004129003075e-06,1271.1864406779662,8e-08,0.49783620010350704,0.34377387318563785,0.05596693872569444,0.9146181789814606,7.335680257884676e-05,5.479139471576404e-07,0.892054816923061,0.4965622612681436
C10_P6_10,C10,P6,10,High,334.592,9.687482244182174,16.199409098626234,0.08587958229505188,0.9828797269721955,0.6763051369039867,210.1390556820454,0.001970355109243034,0.0048314602889594,0.0062416808207693,6.442498379674803e-06,835.6545961002786,8e-08,0.4989223497159686,0.34377387318563785,0.055049400521021,0.9092953637668635,0.00012583726061843111,1.952970770109275e-06,0.898282273687039,0.4965622612681436
C12_P1_05,C12,P1,05,High,332.468,9.892612346214168,16.4868402294148,0.08997353630858877,0.9936487484085773,0.6810776699729154,203.0876803088989,0.0020486316500188816,0.004931960231564,0.0062633834661822,8.494404286850476e-06,824.1758241758242,8e-08,0.49387692654078696,0.34377387318563785,0.05398966576312732,0.9129891118214537,0.00021321384432760742,5.386421496248325e-07,0.8944688191248157,0.45836516424751717
C12_P1_10,C12,P1,10,High,332.468,9.914679657363125,19.203655704553647,0.08899992386841232,0.9626780902615986,0.6858618102557904,200.64343964115466,0.0020558405329690033,0.0049159336626437,0.0062790761482501,8.410780648526528e-06,422.53521126760563,8e-08,0.49193039023558677,0.34377387318563785,0.05416368532488391,0.9116953632732505,0.00018929349101138275,5.511416244689795e-07,0.8865633049788965,0.45836516424751717
C12_P2_05,C12,P2,05,High,332.468,9.81881784290887,15.809700580181952,0.08628384190138282,0.9804704755711491,0.6863924242760684,175.28121608998984,0.0020798998932584412,0.0049166014363487,0.0062713967506424,9.248871568255503e-06,986.8421052631579,8e-08,0.49677604618803917,0.3819709702062643,0.041823134651937224,0.8965866300104226,0.00015794725486263745,1.7814660340640747e-06,0.9009873032148288,0.5347593582887701
C12_P2_10,C12,P2,10,High,332.468,9.790506667252956,18.777986934378287,0.08764980169669506,0.9853639077630523,0.687046870633453,173.89279346769354,0.002081264232199032,0.0048882210538856,0.0062463552367043,9.643547545845553e-06,460.8294930875576,8e-08,0.4962950904048277,0.3819709702062643,0.04040263553275515,0.8928017728081217,0.00020223800533632268,1.7264170329973864e-06,0.8923039072222368,0.5347593582887701
C12_P3_05,C12,P3,05,High,332.468,9.911901579588529,18.89665284835793,0.085337404042003,0.945431907971778,0.6725576365625566,229.53336954367333,0.0021364263072420854,0.0049713588801599,0.006322481439076,7.628564348076081e-06,504.20168067226894,8e-08,0.4910563671375082,0.3819709702062643,0.05036653982761759,0.9179396511207839,8.48589359595801e-05,5.438911766031417e-07,0.9092228954808669,0.4965622612681436
C12_P3_10,C12,P3,10,High,332.468,9.694350907284225,21.099666481959673,0.085403359865026,0.9884835845128729,0.6699339435196278,214.6056761996379,0.0020787278624441134,0.0049496562347469,0.0062760711665775,9.336996206067014e-06,279.3296089385475,8e-08,0.48846855650535764,0.3819709702062643,0.04966036571890892,0.914106048791779,9.359681427603938e-05,5.735554671221737e-07,0.9027590761862617,0.4965622612681436
C12_P4_05,C12,P4,05,High,332.468,9.557169167055374,20.90059363839845,0.0870869293352439,0.9425266783736285,0.6640754785765753,167.87173734161706,0.002111201643789259,0.0049369685343517,0.0062436841418843,6.205322058682627e-06,265.72187776793623,8e-08,0.49285715572665084,0.3819709702062643,0.05641819962848734,0.8930806669930662,0.0001081343849334995,8.551766736472594e-07,0.9096990968691169,0.4965622612681436
C12_P4_10,C12,P4,10,High,332.468,9.62035936579927,20.961180897562578,0.08833362971997978,0.8566328656791723,0.6601776926355619,170.54056229558174,0.0020722505300436555,0.0049216097391363,0.006289426640677801,6.046335282068855e-06,251.0460251046025,8e-08,0.49162241948275254,0.3819709702062643,0.05288876623338683,0.8933871605689017,0.00012007452036600467,9.98825342448266e-07,0.9212570100005102,0.4965622612681436
C12_P5_05,C12,P5,05,High,332.468,9.783478126833407,20.0700716162854,0.08594697550342596,0.9558382223931708,0.6790715187436237,207.89803875389484,0.0021197219997440586,0.0049580034060596,0.0062640512398872,5.784928687945316e-06,370.3703703703704,8e-08,0.49892040852826314,0.26737967914438504,0.057117463137802374,0.9104583186233292,0.00010360413923675066,5.819608842185828e-07,0.8956769333264238,0.4965622612681436
C12_P5_10,C12,P5,10,High,332.468,9.859589859469388,21.091212048001516,0.08860011900227956,0.970428917798899,0.6749202212472457,211.33423522755143,0.0020912236100373094,0.0048892227144431,0.0062800778088074995,6.561313174225739e-06,273.224043715847,8e-08,0.4992102840073224,0.26737967914438504,0.058644073097083464,0.912544303944363,9.796433235572978e-05,5.898106138800866e-07,0.9034949957895007,0.4965622612681436
C3_P1_05,C3,P1,05,Low,412.297,10.407872470122152,11.210565474800283,0.07479231118371582,0.9531435946792688,0.691433120216817,170.4131199749764,0.0019921555194613344,0.0040785454365557,0.0054804187970529,1.3992905698051812e-05,2654.8672566371683,6e-08,0.47709140426904284,0.30627871362940273,0.04921473054158655,0.9203161253592058,0.0001413598000880184,9.430757081461427e-07,0.8901297065088113,0.42113323124042873
C3_P1_10,C3,P1,10,Low,412.297,10.41763415700795,9.440538583225184,0.07341406391605211,0.9473128204246234,0.6908145235838345,160.57150931155738,0.0019215216716842328,0.004024789653302,0.0054757443811177,1.3314448055563403e-05,3658.5365853658536,6e-08,0.4770172608031282,0.30627871362940273,0.049145748017450856,0.9113648155503402,0.00012307090140526472,8.664756691931271e-07,0.8903560160021352,0.42113323124042873
C3_P2_05,C3,P2,05,Low,412.297,10.398442370722776,15.201628825925773,0.05439612970742339,0.7484456187214983,0.7104955144318141,168.65980276688398,0.0019092583575342637,0.0040735371337681,0.0054991164607933,9.135450061996717e-06,949.3670886075948,6e-08,0.5113313559479792,0.2679938744257274,0.05419358587063813,0.9100533338803327,0.0001223116987442297,7.33233903273957e-07,0.9086471489896415,0.57427258805513
C3_P2_10,C3,P2,10,Low,412.297,10.39389798354507,11.690201755615593,0.05903468846354097,0.7205686435972418,0.720187672018441,173.63682535872132,0.0019426948263419814,0.0040808826445232,0.0055021214424658,8.956926745970934e-06,2307.6923076923076,6e-08,0.5163115321295121,0.2679938744257274,0.04753393978660223,0.9161888175175834,0.00010054942889919841,7.275233964193376e-07,0.9146009901727525,0.57427258805513
C3_P3_05,C3,P3,05,Low,412.297,10.621581559379017,7.32543088689833,0.06437289436155531,0.8739100360725935,0.702197306326798,178.55944811428017,0.0019332913550267879,0.0040344723720247,0.0055027892161708,6.45584953752354e-06,6000.0,6e-08,0.5005465205947855,0.30627871362940273,0.058720315032644486,0.9289458685618296,0.00010184387942885941,8.03683457121266e-07,0.881647113139846,0.57427258805513
C3_P3_10,C3,P3,10,Low,412.297,10.62405284607779,11.232574629200458,0.0634009804185629,0.8720697060656266,0.705835245184477,180.154267152828,0.001928000334569162,0.0040321351640572,0.0054887659683656,5.636299179655914e-06,2459.016393442623,6e-08,0.49926201384322094,0.30627871362940273,0.05993345112961397,0.928015738639567,8.535304023442401e-05,5.95763197866566e-07,0.8840934962590442,0.57427258805513
C3_P4_05,C3,P4,05,Low,412.297,10.637543113060795,10.223221614924876,0.07493264493632296,0.9209374895627304,0.724823726443517,183.40410507389578,0.002057643616827874,0.0041613493759775,0.0054737410600028,1.071159939874978e-05,3614.4578313253014,6e-08,0.48847130393184884,0.3445635528330781,0.0396670607980438,0.9398740618978358,5.673475765541288e-05,1.0056307892722486e-06,0.8832194648176556,0.42113323124042873
C3_P4_10,C3,P4,10,Low,412.297,10.705530695340201,9.919696356604174,0.07176543838994408,0.9420572173694995,0.7229276340852488,184.41391878663703,0.00199042282774666,0.004068862717833,0.0054540417357048,1.1208006875227118e-05,3614.4578313253014,6e-08,0.5019827952027076,0.30627871362940273,0.04162840019727308,0.9412514541432374,7.778339179557973e-05,1.0422489044052327e-06,0.8874999790973511,0.49770290964777947
C3_P5_05,C3,P5,05,Low,412.297,10.297633542675593,11.688164304081354,0.0696467789857607,0.8433130877507418,0.6931897724063173,172.341550996912,0.0020398666033107325,0.0041449889202046,0.0054393507141944995,2.2736533969138312e-05,2702.702702702703,6e-08,0.4857588558451067,0.3828483920367534,0.050113080040993796,0.9216686303455393,9.15204445518687e-05,7.828600722448727e-07,0.8796410434982699,0.42113323124042873
C3_P5_10,C3,P5,10,Low,412.297,10.30395242415702,10.433744067349256,0.07069314088239095,0.8249571126511305,0.6929322952764115,180.38047876931282,0.00205354097305133,0.004208427422181,0.0055011197819083,2.483283281759917e-05,3614.4578313253014,6e-08,0.48846327335768347,0.3828483920367534,0.048154112976366105,0.9282999828538688,8.672297599390772e-05,8.156732559995469e-07,0.8751139169143819,0.42113323124042873
C3_P6_05,C3,P6,05,Low,412.297,10.662691010815404,10.749413196254755,0.06289851610754595,0.9021644102272424,0.7162609833120884,196.5949766287103,0.00196523646979477,0.0040999141951161,0.0054827560050204,8.263321774058721e-06,3000.0,6e-08,0.48672385359602177,0.30627871362940273,0.05578280049051096,0.9405692213694198,7.459974476428576e-05,1.0222785929657495e-06,0.8793075953549745,0.45941807044410415
C3_P6_10,C3,P6,10,Low,412.297,10.708182969086735,17.058642776453702,0.05898187180408772,0.9085957870226554,0.7245553337138336,192.25395004770292,0.0020086852855966276,0.0041212829536766,0.0054794171364953,6.9782592152592435e-06,677.2009029345372,6e-08,0.49810962806824716,0.2679938744257274,0.05017335341097122,0.9349796707144588,9.044033806801437e-05,1.1003414095219176e-06,0.8799012566429176,0.45941807044410415
C4_P1_05,C4,P1,05,Low,439.72,8.881154784204568,14.661182887790169,0.08073394698756936,0.8668616853473091,0.6650767818645749,261.16676460453033,0.00233377965932459,0.0044865551703195,0.0054720716257402,4.911224153635237e-06,2173.9130434782605,6e-08,0.4983615101585443,0.30627871362940273,0.048778065054546696,0.8869713283256603,8.744414817005825e-05,7.6586833063453e-07,0.9225271223371099,0.57427258805513
C4_P1_10,C4,P1,10,Low,439.72,8.918298443508274,10.610994399563205,0.07498307246677254,0.873642289326556,0.6682228479742048,276.25610951875746,0.0022529126489220287,0.004418442252408,0.0054984486870883,3.856035509280636e-06,5172.4137931034475,6e-08,0.5065173183778835,0.22970903522205208,0.049942691035012345,0.8984659715667456,7.846069566604127e-05,8.089131934820705e-07,0.9209963005570108,0.57427258805513
C4_P2_05,C4,P2,05,Low,439.72,8.901829579608275,14.31012718908362,0.06221037062150141,0.8695810363796357,0.6612532469561557,268.36525636970856,0.0021563622441688485,0.0042792114349125,0.0055355101277166,3.9921734052898145e-06,1923.076923076923,6e-08,0.49109152000858386,0.22970903522205208,0.049197051086345485,0.8969697537604381,9.147406446097624e-05,7.473613938991156e-07,0.8953916651051559,0.45941807044410415
C4_P2_10,C4,P2,10,Low,439.72,8.956470101330188,14.647858930655373,0.06167860306092449,0.8801433602046164,0.6519374108947164,247.29283985432753,0.0022261132314084554,0.0043459888054139,0.0054924387237431,3.960888195065419e-06,1923.076923076923,6e-08,0.4947399696082931,0.22970903522205208,0.0446011877763836,0.885216312340609,0.00013530195396618033,7.632968103467575e-07,0.8909982378596553,0.45941807044410415
C4_P3_05,C4,P3,05,Low,439.72,8.92222144779982,10.401486748214255,0.06342335360311736,0.9550877143038258,0.6586025462096924,240.15822076088315,0.002216261994771132,0.0043820485854847,0.0055371795619791,5.659028750522744e-06,5172.4137931034475,6e-08,0.49342737411902027,0.30627871362940273,0.04452358866756142,0.8578932612239696,0.00014701130060093822,8.600704000313836e-07,0.8964485530210977,0.45941807044410415
C4_P3_10,C4,P3,10,Low,439.72,9.052165279147689,10.520349057929963,0.06208337555592174,0.9534122395384359,0.6633099025554283,282.46999171924097,0.002217553919876147,0.0043463226922664,0.0054977809133832,4.9995767767204235e-06,5172.4137931034475,6e-08,0.4928962505774542,0.30627871362940273,0.045579055376348404,0.8940763371192576,9.984648679862892e-05,8.999156735300991e-07,0.8945974496008917,0.42113323124042873
C4_P4_05,C4,P4,05,Low,439.72,8.826838694969272,15.606783437003537,0.08811094902835598,0.827575104977853,0.7067757474521881,280.64322484280655,0.002328139384635357,0.0044812129806793,0.0055021214424658,4.28776471624049e-06,1724.1379310344828,6e-08,0.5083177957304258,0.2679938744257274,0.05379502131193124,0.9056193625882706,6.285760369551148e-05,9.111014426650216e-07,0.8939322042780382,0.5359877488514548
C4_P4_10,C4,P4,10,Low,439.72,8.90110388416582,15.618848469235884,0.08868613162516932,0.7594209044938335,0.7061244718489592,279.46355266908574,0.0023247477258676813,0.0044551698061838,0.0054727393994452,4.730953654231788e-06,1764.7058823529412,6e-08,0.515168165194718,0.3828483920367534,0.05412476541414945,0.9066951926330906,7.190067926938815e-05,8.782167324694215e-07,0.8962137951095218,0.57427258805513
C4_P5_05,C4,P5,05,Low,439.72,8.92820244519103,18.495680465997506,0.061886025898099425,0.8856000414977919,0.6782038875318296,274.2419564935493,0.0022603063056505415,0.0043793774906647,0.0054991164607933,1.3257987433870425e-05,802.1390374331551,6e-08,0.5054671834839817,0.22970903522205208,0.04792809312758537,0.8980876015013147,0.00010655349694898823,8.797938509605137e-07,0.9004878284565139,0.49770290964777947
C4_P5_10,C4,P5,10,Low,439.72,8.88739240914633,14.492881799597143,0.06336874789842836,0.92033642778312,0.6697334433302694,260.4710374289292,0.0022425343926679047,0.0043676914508269,0.0055091330663685,1.4741881265298173e-05,2054.7945205479455,6e-08,0.5038572069830433,0.22970903522205208,0.04741284654651462,0.8916184524232292,0.00013372523833375834,8.338816130895029e-07,0.9025737581425691,0.49770290964777947
C13_P1_05,C13,P1,05,Low,334.714,9.554666198788867,16.065380348621257,0.07608141587106522,0.9287618948380727,0.6695388692669917,163.95015281620707,0.0020608400844855605,0.0048254503256142,0.0061769067713828,4.849287658135937e-06,911.854103343465,8e-08,0.4848649108532821,0.3828483920367534,0.05838704357103204,0.8820919530269233,0.0001766660776889421,1.162016522403674e-06,0.9106795797063802,0.49770290964777947
C13_P1_10,C13,P1,10,Low,334.714,9.545076803072629,16.213363152604575,0.07378222621649652,0.9462665905404309,0.6676644179870748,177.248244514559,0.002115376873215625,0.004927285815629,0.0063024482279256,6.0177585825839234e-06,920.2453987730062,8e-08,0.48450593250573043,0.3828483920367534,0.05342412226449838,0.8879256096192455,0.00018073371987933678,1.1500900112440836e-06,0.9056587831187937,0.49770290964777947
C13_P2_05,C13,P2,05,Low,334.714,9.618106281240381,20.501478587805174,0.07632696610442927,0.9771289091776664,0.6886903509689822,211.34042115678741,0.002108745158228633,0.0049316263447115,0.0062730661849049,1.0584147193608506e-05,337.4578177727784,8e-08,0.4973623717440916,0.3445635528330781,0.052905478674926454,0.9063479347146027,6.116944530122604e-05,1.7299569358408662e-07,0.8948548341679615,0.45941807044410415
C13_P2_10,C13,P2,10,Low,334.714,9.703790057118708,11.941627027215711,0.07559089626416679,0.9575725145065341,0.6887672667635002,208.69143967040733,0.0021591113779478367,0.0049843804674077,0.0062657206741498,1.2912412441561199e-05,2803.7383177570096,8e-08,0.49423741912302643,0.3445635528330781,0.052958240003597265,0.9044783425261561,9.120188927057532e-05,1.7697495275367037e-07,0.8897114856314228,0.45941807044410415
C13_P3_05,C13,P3,05,Low,334.714,9.371466882761661,16.58974096505872,0.07309482822776635,0.9476670198217517,0.6727368978966489,154.84575612681726,0.0021678630927191916,0.0049974020546555,0.006256705729132101,1.3912210030379315e-05,943.3962264150944,8e-08,0.48527051909563046,0.3828483920367534,0.04837897744432653,0.8674738762782999,0.0001433151764556098,1.928378700504864e-06,0.8983665750653271,0.42113323124042873
C13_P3_10,C13,P3,10,Low,334.714,9.340308031165192,19.8182842938021,0.07488323919659054,0.938212427828916,0.6727482741398647,158.20613811731107,0.002188096691214201,0.0049813754857351,0.0061986094167958,1.0725081018227373e-05,387.5968992248062,8e-08,0.4822509422272113,0.3828483920367534,0.04903121454454895,0.8725833643045722,0.0001421986864303128,2.365742015716686e-06,0.9053284589749585,0.42113323124042873
C13_P4_05,C13,P4,05,Low,334.714,9.690808536220048,20.186226442764234,0.07445948880236032,0.9792521359970263,0.6768644228524913,196.10817594218486,0.002115670895127026,0.0050007409231805,0.0062910960749403,1.74716031209698e-05,349.6503496503496,8e-08,0.48882773216629505,0.3828483920367534,0.05397571401407174,0.9021331339486214,0.00011547671873576748,6.824413931666339e-07,0.8935578123609076,0.49770290964777947
C13_P4_10,C13,P4,10,Low,334.714,9.798462106485097,12.15999603767225,0.07835556320884138,0.9623383349472303,0.6796262287400323,204.9445261462516,0.0021304315914228667,0.0049419768371393,0.0062420147076218,1.6919663725170235e-05,2500.0,8e-08,0.4903582281111023,0.3828483920367534,0.054558014496078666,0.9092970466382898,9.187256726429338e-05,6.976534643805262e-07,0.898027523690592,0.49770290964777947
C13_P5_05,C13,P5,05,Low,334.714,9.49393639749728,16.030954689499474,0.07543777342615979,0.8929856143404282,0.668733113175141,186.07416342262087,0.0020891508943127524,0.004998403715213,0.0063324980446512,3.867108375887449e-06,911.854103343465,8e-08,0.4922429482585017,0.3828483920367534,0.057352041953950154,0.8987032037043055,0.00010054625368601757,1.1417697139023967e-06,0.920296640393776,0.49770290964777947
C13_P5_10,C13,P5,10,Low,334.714,9.60474095881375,15.224858518811983,0.07608337706492603,0.9052845519818014,0.667101369204088,196.11657110613191,0.0020728912468607214,0.0049012426411334,0.006303116001630599,3.409839928709795e-06,1102.941176470588,8e-08,0.4894662888580784,0.3828483920367534,0.055298390752201276,0.9040279643234925,0.00010833543610530261,1.1342597586786e-06,0.9169495025034409,0.49770290964777947
C14_P1_05,C14,P1,05,Low,339.829,10.886088749587767,13.77648349355029,0.07532300244287951,0.9497454141184897,0.6704342449130131,56.22684764153404,0.0022389799935366474,0.0039887298732313,0.0032961310079509996,1.2588335022932524e-05,2654.8672566371683,2e-08,0.4926312757756014,0.3828483920367534,0.05726832293110143,0.8192694672619696,0.00013070270207373922,1.1110065596868713e-06,0.913999861235163,0.49770290964777947
C14_P1_10,C14,P1,10,Low,339.829,11.020435749283008,20.990052186115847,0.07602185955752935,0.938884062702943,0.6723262767038671,54.1066714884903,0.0022624504355960996,0.0040615172070778,0.0033412057330394,1.1374493196854006e-05,433.5260115606937,2e-08,0.48929233655737714,0.3828483920367534,0.059117633618304036,0.8184289327930964,0.00013086596781931712,1.1055788907608936e-06,0.9144578014234406,0.49770290964777947
C14_P2_05,C14,P2,05,Low,339.829,11.115330982708477,14.21973538696437,0.07562206981304648,0.9685239897697454,0.681086378494809,64.4157295254377,0.002272758009799024,0.0040995803082636,0.0034861126270274998,1.1286925142252408e-05,2222.222222222222,2e-08,0.4895549780972342,0.22970903522205208,0.05209059824611928,0.8275109101513765,0.00011027674264755329,9.326999594582006e-07,0.9093227085613667,0.42113323124042873
C14_P2_10,C14,P2,10,Low,339.829,11.145006625858187,21.151299748488647,0.07677947581392869,0.9625646515380537,0.674320142075341,63.92865170811564,0.00225051824695785,0.0040651899624554,0.0034931242509302005,7.6073527345884694e-06,400.5340453938585,2e-08,0.4924540778302285,0.22970903522205208,0.05279656338942568,0.827866118728578,0.00014326840243780086,9.31539138939195e-07,0.9104951252846245,0.42113323124042873
C14_P3_05,C14,P3,05,Low,339.829,11.159059450229472,18.13775135544017,0.07582403151326352,0.9445025810097102,0.6728746104403655,64.06809901489522,0.0022892531873087503,0.004141316164827,0.0035111541409655,7.461133727767249e-06,928.7925696594427,2e-08,0.5022785958558018,0.3828483920367534,0.05694326570560056,0.8283193640433456,0.0001162933759648723,1.0780420172935964e-06,0.912840161772467,0.49770290964777947
C14_P3_10,C14,P3,10,Low,339.829,11.136452456866923,20.660276749919696,0.07574592304955886,0.9551835905179452,0.6703010849711921,62.899987250704704,0.0022841046108125354,0.0041045886110512,0.0035058119513254,7.356907517466425e-06,473.9336492890995,2e-08,0.49500923437081323,0.3828483920367534,0.05593730424021861,0.8252567935830443,8.804785353227056e-05,1.0671548956717616e-06,0.9116453166020188,0.49770290964777947
C14_P4_05,C14,P4,05,Low,339.829,11.050988220208088,18.309291915185536,0.07617508738489102,0.941944389179875,0.6774732645821179,61.11456288266272,0.002267778890617861,0.0040638544150454,0.0035054780644730005,7.195438940692368e-06,879.7653958944281,2e-08,0.49205965449012284,0.3445635528330781,0.058912189902340296,0.8223000287309193,0.00010224806292163786,1.0071673547270675e-06,0.9148724754982394,0.45941807044410415
C14_P4_10,C14,P4,10,Low,339.829,10.924018854905851,22.859142857775158,0.07635432391945594,0.9707667553637379,0.668727713505,60.9510715179035,0.0023030970885707914,0.0040935703449185,0.0034393684676765003,8.549152560825847e-06,271.00271002710025,2e-08,0.4913943844511347,0.3445635528330781,0.05376104610304202,0.8241247111906167,7.75735738970944e-05,1.0779682166704007e-06,0.9063316239007626,0.45941807044410415
C14_P5_05,C14,P5,05,Low,339.829,11.175804565498096,20.895304749230764,0.07539146593635589,0.9659828714227953,0.674919676541539,68.46201412582765,0.0022898111745751843,0.0040808826445232,0.0034096525378034,8.60644708886476e-06,488.5993485342019,2e-08,0.4959467081491569,0.3828483920367534,0.05266228755828983,0.8357692711283515,8.448951731824352e-05,1.1597414872272127e-06,0.9067394777228762,0.49770290964777947
C14_P5_10,C14,P5,10,Low,339.829,11.136031258429048,22.594846836628527,0.07628844914433175,0.9642490330695705,0.6772674008867088,65.17996882350715,0.0023177470667026276,0.0041476600150247,0.0034577322445645004,9.140455628828914e-06,323.27586206896547,2e-08,0.49030745266577597,0.3828483920367534,0.053931632792904714,0.8324627085285953,9.986509925712098e-05,1.158306169798911e-06,0.9087160063828418,0.42113323124042873
C14_P6_05,C14,P6,05,Low,339.829,10.943661908334366,17.96925402880121,0.0755198400099808,0.9689399338414021,0.6817916662541298,68.60047628423543,0.0022300120412522316,0.0040277946349746,0.0031572340773080004,7.507569411582785e-06,1067.6156583629893,2e-08,0.5003878739884138,0.3445635528330781,0.053723012303261444,0.8313208303327418,4.7975925668620545e-05,1.1168696336323966e-06,0.9092469025586929,0.45941807044410415
C14_P6_10,C14,P6,10,Low,339.829,10.945146662877294,23.855176570323025,0.07578803280583626,0.9653123647122028,0.6799508996324432,67.24387063077806,0.002296952438218705,0.0041262912564642,0.0032049798972165005,9.308610423465774e-06,239.04382470119523,2e-08,0.49793211402503457,0.3445635528330781,0.05541265736765738,0.8302795393650294,7.16306149286558e-05,1.1149301968313675e-06,0.9089456555421208,0.45941807044410415
C14_P7_05,C14,P7,05,Low,339.829,11.438033289636051,19.117402467824572,0.07669639474157852,0.9854497597135655,0.6761060518382216,71.37570910662247,0.0023339118413648924,0.0040922347975085,0.0031251809394673004,1.4413931836000717e-05,895.5223880597015,2e-08,0.4972485592226547,0.3828483920367534,0.054647448129357436,0.8464573862525501,9.500961453758302e-05,5.981640737526947e-07,0.9040959455548321,0.49770290964777947
C14_P7_10,C14,P7,10,Low,339.829,11.519181081432272,21.341381383515547,0.07531585629132144,0.9768571072510689,0.6756884743709035,77.87036980791832,0.0023642114816538884,0.004184053681948,0.0031702556645557996,1.35751024597472e-05,514.5797598627787,2e-08,0.4997645924462151,0.3828483920367534,0.05398705781530833,0.8579400754874169,7.103407406859698e-05,6.003792085710515e-07,0.9046367977926455,0.49770290964777947
C6_P1_01,C6,P1,01,Medium,346.884,8.625731551600406,21.466537041590232,0.0921743402510508,0.8678169012953136,0.6753925859575534,221.23981505021123,0.0022439456494648628,0.0043726997536145,0.005456045056819799,9.70828743454625e-06,336.32286995515693,6e-08,0.4852463441801503,0.30557677616501144,0.057026067318089256,0.8877185295059692,7.465818920383458e-05,1.8552228498824565e-06,0.8812197068058333,0.45836516424751717
C6_P1_02,C6,P1,02,Medium,346.884,8.627606146884858,22.632085070211552,0.08947555209746501,0.8541858021915014,0.6771310545135819,224.55619317730827,0.002210230852814223,0.0043553376372841,0.005512138048041001,7.726754942002128e-06,240.57738572574178,6e-08,0.4849164968364797,0.30557677616501144,0.05936743715606394,0.8876208357727685,4.7229942923416984e-05,2.111883818237738e-06,0.8748710730120901,0.45836516424751717
C6_P1_03,C6,P1,03,Medium,346.884,8.630604413717904,11.96724426408485,0.09148063524535555,0.8626840755441753,0.6815453876285381,226.09073267845528,0.0022116054456862815,0.0043393110683638,0.0054570467173774,8.441089028318818e-06,3658.5365853658536,6e-08,0.48440877892179907,0.34377387318563785,0.05806502970435851,0.886599502892753,6.90487360227868e-05,2.1565524417719485e-06,0.8762878267112956,0.45836516424751717
C6_P1_04,C6,P1,04,Medium,346.884,8.670474445587548,13.902922812284666,0.09169097080872882,0.8994995642920666,0.6773086553352038,240.33641240241013,0.0021731854846789595,0.0042929007958653,0.0055278307301089005,8.962703977421446e-06,2205.882352941176,6e-08,0.4817390625486879,0.30557677616501144,0.05924566399617205,0.8949703163163979,6.380016148219696e-05,1.9170628256924265e-06,0.8871012627636737,0.45836516424751717
C6_P1_05,C6,P1,05,Medium,346.884,8.651687832185994,18.44036144678807,0.09271480818268153,0.8731918149693074,0.6801804383313186,227.28173153009982,0.0022107220631499176,0.0043870568882723,0.005510802500631,8.047975659205893e-06,692.8406466512702,6e-08,0.48364263849916306,0.30557677616501144,0.058790325995789726,0.8926673612337327,8.858428822127621e-05,1.9237109153227227e-06,0.8831710049345431,0.45836516424751717
C6_P1_06,C6,P1,06,Medium,346.884,8.694899744225724,12.058998540592356,0.09552554365838235,0.8232748906288546,0.6754340252363463,236.8568386245537,0.0022534812547815495,0.0043970734938475,0.005510134726926,5.840041786287862e-06,3658.5365853658536,6e-08,0.4862030018473128,0.34377387318563785,0.058053155080254826,0.895586262651355,6.629778028128904e-05,2.0615960899523035e-06,0.8723680809912604,0.45836516424751717
C6_P1_07,C6,P1,07,Medium,346.884,8.694749395106948,22.996346555628648,0.09220756776670658,0.8602151991255258,0.6786537102440056,238.80885737485667,0.0022589096982552335,0.0044131000627679,0.0055037908767284,7.796009716451064e-06,241.15755627009648,6e-08,0.48555172581070644,0.30557677616501144,0.057294765596615276,0.8981405527238713,6.837323533966344e-05,2.0799416329129995e-06,0.8775517800561106,0.45836516424751717
C6_P1_08,C6,P1,08,Medium,346.884,8.75670275880846,17.873220450474065,0.09338809609698559,0.823665269497786,0.6733038015375982,247.0705799718451,0.002229592296630826,0.0043590103926617,0.005487096534103,6.919747876926298e-06,815.2173913043479,6e-08,0.4839663741189382,0.30557677616501144,0.059725948509211514,0.9006456320058489,6.216015687391832e-05,1.8597538581666318e-06,0.8726814929243807,0.45836516424751717
C6_P1_09,C6,P1,09,Medium,346.884,8.712611103496293,18.604202835655947,0.09128687337681915,0.844453008260532,0.6800064176802959,219.74326742460067,0.0022339106713835967,0.0044284588579832,0.0055054603109909,8.34820075135307e-06,681.8181818181818,6e-08,0.48275770140119134,0.30557677616501144,0.059814447485477526,0.8876065623486816,6.423708904527154e-05,1.88491723853484e-06,0.8766557104278656,0.45836516424751717
C6_P1_10,C6,P1,10,Medium,346.884,8.673466722924799,14.350098507731111,0.09537708937630844,0.8496272956511233,0.6747055296392607,240.49306068205755,0.0022818316281423092,0.0043877246619773,0.0054904354026280005,7.697415489045302e-06,2238.8059701492534,6e-08,0.4814726741118786,0.30557677616501144,0.05887683381458796,0.8913415661913998,5.962083499888904e-05,1.9940142636661254e-06,0.873992364601632,0.45836516424751717
C6_P2_01,C6,P2,01,Medium,346.884,8.939234404047884,15.912577044605227,0.08831242425639398,0.7565153966506839,0.7022227312445173,286.85782796575995,0.002393824125438464,0.0045276232531778,0.0054984486870882,1.7018517013009596e-05,1734.1040462427748,6e-08,0.5101029700086839,0.26737967914438504,0.04921748475853684,0.9134588005265938,5.536637183512126e-05,8.500986225172123e-07,0.9271311272652838,0.5347593582887701
C6_P2_02,C6,P2,02,Medium,346.884,8.803647086152797,15.882344316897942,0.08554478622451532,0.7754067095946388,0.7032351280981035,270.32858387656836,0.002368830629879953,0.0044775402253018,0.0055114702743361,1.779716961220735e-05,1648.3516483516485,6e-08,0.5062369990741316,0.26737967914438504,0.049712332677975625,0.9058509818085492,8.15702208972542e-05,9.501431549269222e-07,0.9240331201253081,0.5347593582887701
C6_P2_03,C6,P2,03,Medium,346.884,8.990865236018177,16.173806173157303,0.08522223974055028,0.7566930723774266,0.7058454762118886,279.02595231873124,0.0023850786453988647,0.00451193057111,0.0054987825739408,1.9237781145095215e-05,1648.3516483516485,6e-08,0.5172875809444462,0.26737967914438504,0.049443730451259785,0.9116649773045965,6.02985932853559e-05,8.934280447669607e-07,0.9265264835719338,0.5347593582887701
C6_P2_04,C6,P2,04,Medium,346.884,8.906328007269723,16.12802221284997,0.08702996966675713,0.7753959993338249,0.7055031194747713,276.9701917615524,0.0023790800430378433,0.0044615136563814,0.0054123058791414,1.802827029792189e-05,1648.3516483516485,6e-08,0.5103133752520801,0.22918258212375858,0.048272317871911156,0.9105936131795916,8.21249742344539e-05,8.826264969198619e-07,0.925589767452469,0.5347593582887701
C6_P2_05,C6,P2,05,Medium,346.884,8.919502794154381,15.753781923685658,0.086997971149434,0.776735606616884,0.7048264788719261,295.58358842320695,0.0023332057066141557,0.0044354704818859,0.0055034569898758995,1.846052320682802e-05,1675.977653631285,6e-08,0.5132828911501314,0.26737967914438504,0.04770952898686215,0.9150474478086728,7.865600177052242e-05,9.152314199981854e-07,0.9263099901191036,0.5347593582887701
C6_P2_06,C6,P2,06,Medium,346.884,8.909425849303442,16.00216734218585,0.08739720863498976,0.7623614751680108,0.7032096640417314,293.6363353087725,0.002366616335921433,0.0044605119958239,0.0054497012066222,1.6079810508407083e-05,1648.3516483516485,6e-08,0.5092604279145211,0.22918258212375858,0.05110404474767281,0.9176167238528442,4.39738791195091e-05,9.2393754612429e-07,0.9236520879396486,0.5347593582887701
C6_P2_07,C6,P2,07,Medium,346.884,8.937660896909778,16.037502929230687,0.08761458649144702,0.7773553854129669,0.7026583232942231,284.14264267786615,0.0023899986274875254,0.0045463209169182,0.0055178141245336,1.885767077169066e-05,1666.6666666666665,6e-08,0.5047199343263994,0.22918258212375858,0.05017983464939936,0.9147132524893827,6.660695913131829e-05,9.221018859041352e-07,0.9257406634886969,0.5347593582887701
C6_P2_08,C6,P2,08,Medium,346.884,8.88653113756856,16.064598187367086,0.08726602398154167,0.7920097690547171,0.7007756033426442,293.09909709167096,0.0024198324089418255,0.0045169388738976,0.0055181480113862,1.7712301882061533e-05,1639.344262295082,6e-08,0.5089498750535186,0.22918258212375858,0.05153916645440121,0.9166039089253095,7.233989024049539e-05,9.190418193211218e-07,0.9226939535476758,0.5347593582887701
C6_P2_09,C6,P2,09,Medium,346.884,8.934462881809173,10.707019786745246,0.08579102097919379,0.7985381216375779,0.7075440837029571,288.75244183980243,0.0024377409259462293,0.0045700268834463,0.0055214868799113,1.996303012066637e-05,5882.352941176471,6e-08,0.5100262936999232,0.26737967914438504,0.04666902482111389,0.9127564855152722,5.679289000879655e-05,9.254229448262386e-07,0.9206598805625011,0.5347593582887701
C6_P2_10,C6,P2,10,Medium,346.884,8.926213382350435,16.198069415722347,0.08519478354639108,0.7865723575580702,0.7042740804254229,292.28291483567256,0.002409446476806392,0.0045229488372427,0.0054850932129879,1.800491999062271e-05,1639.344262295082,6e-08,0.5134032950939811,0.26737967914438504,0.04914590553447086,0.9159032357660124,7.584866124717054e-05,8.35148220322722e-07,0.922304387209522,0.5347593582887701
C6_P3_01,C6,P3,01,Medium,346.884,8.890348466148296,15.355983643584201,0.07162267144646925,0.812615957628356,0.6549777621209183,282.0153915893389,0.0024461038537637717,0.0045630152595436,0.0054400184878995,5.364953292590647e-06,2040.816326530612,6e-08,0.5009235666479119,0.22918258212375858,0.040180559587291546,0.907975314376934,6.0398557946684704e-05,9.128271882982411e-07,0.897463076712733,0.5347593582887701
C6_P3_02,C6,P3,02,Medium,346.884,8.957613337911893,15.147805069459784,0.07074385494900137,0.8198707830834784,0.6539483169144343,295.06561029303293,0.0023722335135273574,0.0044691930539891,0.0054663955492476,5.24745704588368e-06,2013.4228187919462,6e-08,0.4902327739008101,0.22918258212375858,0.03873497944521795,0.9146103628450778,5.1850708859958795e-05,8.721620694267998e-07,0.8999383563746278,0.4965622612681436
C6_P3_03,C6,P3,03,Medium,346.884,8.981452570302858,15.0563625894657,0.07312439560131011,0.8247394985465804,0.6593608694813943,308.9598924553052,0.0023955015115969514,0.0045306282348504,0.0055261612958463,6.961564433087456e-06,2068.965517241379,6e-08,0.49764627801633404,0.22918258212375858,0.04042349102061264,0.9216393052714669,4.639349140146679e-05,9.034713054838107e-07,0.8956101005694466,0.4965622612681436
C6_P3_04,C6,P3,04,Medium,346.884,8.903881003580615,15.251466939521588,0.07137766117493749,0.8173188341829766,0.6604632091875132,286.0188714396749,0.0024285874847812675,0.0045773723942014,0.0055001181213508,6.574636584646529e-06,2054.7945205479455,6e-08,0.49577237023318327,0.22918258212375858,0.043968228273373246,0.9146999327635708,5.698378222133707e-05,9.421726794142044e-07,0.8952581316875021,0.4965622612681436
C6_P3_05,C6,P3,05,Medium,346.884,8.805833613221061,12.755281525949393,0.06980971625599318,0.8028454295377816,0.6574704593316312,280.016441512554,0.0024903053644610247,0.0046555019176881,0.0055572127731295,6.362262961648989e-06,3703.703703703704,6e-08,0.49004072344216937,0.22918258212375858,0.04363798907445098,0.9085822668022606,5.201599111571254e-05,1.0481108841084688e-06,0.893237583072345,0.42016806722689076
C6_P3_06,C6,P3,06,Medium,346.884,8.897038817798787,15.57555850445566,0.07088632359643807,0.8285012571310395,0.6566818708496704,287.4460994006631,0.0025169320985624234,0.0046875550555288,0.0055889320241177,6.1852378831231e-06,1986.7549668874174,6e-08,0.49793452130838256,0.22918258212375858,0.040144683362044055,0.9080543693882379,6.511282067133689e-05,9.748114706260826e-07,0.8960484845333025,0.4965622612681436
C6_P3_07,C6,P3,07,Medium,346.884,8.895009908447147,15.533211926605091,0.07232591247868679,0.8101017032311008,0.6598672938882039,300.5834420505427,0.0024979522187843217,0.0046374720276527,0.0055284985038139,5.404634904145842e-06,2027.027027027027,6e-08,0.49379019115585,0.30557677616501144,0.04299904967495241,0.9186909382093852,5.3653216307277045e-05,9.449946693420538e-07,0.8963997711716636,0.42016806722689076
C6_P3_08,C6,P3,08,Medium,346.884,8.86549461549578,15.542100231518152,0.07198509173474026,0.829415982145184,0.6493465365493073,293.8296845852379,0.0024842236009777917,0.0046344670459801,0.0055328390328963995,5.903126855634852e-06,2000.0,6e-08,0.4969925313639721,0.22918258212375858,0.03463266798715618,0.9123425593079544,7.663815821248086e-05,1.0646255940034574e-06,0.8960695113210777,0.4965622612681436
C6_P3_09,C6,P3,09,Medium,346.884,8.965964041323137,15.358541521454342,0.0718179459512517,0.845468520829133,0.652064401570656,300.01654894535955,0.0024557207708330617,0.0046020800212869,0.0055498672623743,5.749501648072364e-06,2027.027027027027,6e-08,0.49099882623658697,0.22918258212375858,0.03807043712139632,0.918788139326516,7.395285365749278e-05,9.467467103258493e-07,0.8948157132183212,0.4965622612681436
C6_P3_10,C6,P3,10,Medium,346.884,8.871651159774592,15.454805904261143,0.07124989214097546,0.7839841807952035,0.6569465918683932,299.3961011098974,0.002475984515536163,0.004606754437222,0.0055071297452534,5.4619655942734755e-06,2013.4228187919462,6e-08,0.49228580742175915,0.22918258212375858,0.04154260588955675,0.9136380902461884,5.0674748964574804e-05,9.12470569496596e-07,0.8942111280981642,0.4965622612681436
C6_P4_01,C6,P4,01,Medium,346.884,8.82912290777828,18.070459442012044,0.08882921912656064,0.8423751109772003,0.6693200899079648,278.8108310200871,0.002466741436090035,0.0045850517918091,0.005478749362790299,1.138280738513827e-05,1048.951048951049,6e-08,0.5098054738037627,0.30557677616501144,0.05701093337157768,0.907997565366923,5.704130850414614e-05,9.780167659148404e-07,0.8710807625223341,0.5729564553093965
C6_P4_05,C6,P4,05,Medium,346.884,8.940935083471722,12.60699888137765,0.08794654668162133,0.8480302268452069,0.6712793162425509,284.1591120058084,0.0024021045840143824,0.0045660202412162,0.0055341745803065,1.1370304166604262e-05,3703.703703703704,6e-08,0.5138577893651138,0.22918258212375858,0.05872062582200496,0.9097352217356964,7.645889231170757e-05,9.564396863138999e-07,0.8720432128753983,0.5729564553093965
C6_P4_10,C6,P4,10,Medium,346.884,8.840332344262958,12.931842797226444,0.09009524546450294,0.865232395659207,0.6679890621249995,285.9593273044616,0.002491507758998229,0.0046314620643076,0.005488432081513101,1.1960078932730756e-05,3703.703703703704,6e-08,0.508725762617206,0.22918258212375858,0.05742142001554531,0.9132435506311563,7.31275378515403e-05,1.0055599388518529e-06,0.8744238793120354,0.5729564553093965
C6_P5_01,C6,P5,01,Medium,346.884,8.896787954570863,22.332982442431366,0.07274049692371512,0.7910048102840129,0.6636460030170949,267.269365081395,0.0024865630236885986,0.0046140999479772,0.0054901015157756,6.604349701938926e-06,381.1944091486658,6e-08,0.4992372636694922,0.22918258212375858,0.043880593384090706,0.8983418563063097,8.810447136911703e-05,8.07287881423507e-07,0.9198957880151516,0.4965622612681436
C6_P5_02,C6,P5,02,Medium,346.884,8.825767706152302,12.828488238520634,0.07069240682049939,0.7930384204360068,0.6646827906825825,266.8979372841928,0.002491856706180522,0.0046498258411955,0.0055488656018169,7.392821383191028e-06,3703.703703703704,6e-08,0.49507246665697996,0.30557677616501144,0.04384873998831318,0.8937644905977438,7.245667937393128e-05,7.827033466453364e-07,0.9175731856192979,0.4965622612681436
C6_P5_03,C6,P5,03,Medium,346.884,8.87111101734082,15.358619646793164,0.07187044001515157,0.791162212758634,0.6617450542197453,276.0359562945336,0.002462802391925289,0.004602747794992,0.005506795858401,5.836817641638531e-06,2068.965517241379,6e-08,0.49987735552595336,0.22918258212375858,0.04488112160777636,0.9015579519775943,7.377488964924368e-05,8.358617018110783e-07,0.9211062035732851,0.4965622612681436
C6_P5_04,C6,P5,04,Medium,346.884,8.849914642881947,15.429285111250257,0.06823418218784782,0.7857723352736029,0.6580469387727836,263.74520110909947,0.0024842353601648662,0.0046411447830303,0.0055261612958464,7.152335757086149e-06,2054.7945205479455,6e-08,0.4929005665969113,0.22918258212375858,0.037341116440504994,0.8926096069646002,8.890195982555392e-05,8.088437270663385e-07,0.9221835197635122,0.5347593582887701
C6_P5_05,C6,P5,05,Medium,346.884,8.869950892476949,15.348495355587099,0.0716107926570364,0.818127589929318,0.6609719671291997,269.12543676880506,0.0024509505740580068,0.0045706946571513,0.0054937742711532,6.5405656334098435e-06,2097.902097902098,6e-08,0.500102871189596,0.22918258212375858,0.043954867186932506,0.8938482145342335,8.091897998856046e-05,8.097547047080296e-07,0.9183982076675917,0.5347593582887701
C6_P5_09,C6,P5,09,Medium,346.884,8.835245762525178,15.302828494115627,0.0670659309075513,0.8058568226339883,0.6567538607068402,273.3936594464653,0.0024930025819924215,0.0046591746730657,0.0056082974615631,7.401474616495792e-06,2054.7945205479455,6e-08,0.49605917247773534,0.22918258212375858,0.03587925173992768,0.8949779449554475,8.235221119690602e-05,8.290546670020187e-07,0.9170540815954641,0.45836516424751717
C6_P5_10,C6,P5,10,Medium,346.884,8.815954621662602,15.454254226382073,0.06557804088938977,0.8125726331937182,0.6611098796671648,252.3656126469206,0.0025009013610122178,0.0046511613886055,0.0055181480113862,6.618924070825807e-06,2054.7945205479455,6e-08,0.49458949033657595,0.22918258212375858,0.03654952345952198,0.8874153965883611,7.969329785859888e-05,8.413896652219093e-07,0.9168052021000218,0.45836516424751717
C7_P1_05,C7,P1,05,Medium,355.144,9.876483036217994,7.583344070206145,0.08914350124654066,0.7712146402436004,0.7027358209392642,203.8007036553921,0.0018144514019657453,0.0039323029951575,0.0054757443811177,4.2591956988520475e-06,6000.0,6e-08,0.49571738680976934,0.26737967914438504,0.05896651241531942,0.9009942292542161,8.155841896785547e-05,7.655969958832501e-07,0.8678541069556605,0.5729564553093965
C7_P1_10,C7,P1,10,Medium,355.144,9.96963552144564,8.510510188176124,0.0898628655058,0.7542650817540568,0.7031964147715621,218.069422562986,0.0018744701563550602,0.0040287962955321,0.0054944420448582,3.859111557181802e-06,5172.4137931034475,6e-08,0.4840071063518977,0.34377387318563785,0.05968057098892897,0.9152696513240295,9.511208689287459e-05,7.863852486042967e-07,0.8653300892534268,0.42016806722689076
C7_P2_05,C7,P2,05,Medium,355.144,9.848055582250138,8.618905975229357,0.08083856347841803,0.7043375596345157,0.6736502433350351,223.92289536632114,0.0018818553538697922,0.0039940720628714,0.0054507028671798,4.633476547665319e-06,5172.4137931034475,6e-08,0.47851402610975236,0.22918258212375858,0.06221491584743077,0.9144928987788808,8.11462175177432e-05,7.720045830168777e-07,0.8631466726468424,0.45836516424751717
C7_P2_10,C7,P2,10,Medium,355.144,9.836141286659688,9.99184316787449,0.08272537428306935,0.722251057397072,0.672691141421661,221.62639030892635,0.0018474174905008692,0.0039533378668655,0.0054804187970529,4.740398888469504e-06,3571.4285714285716,6e-08,0.48345530638682527,0.22918258212375858,0.056387787358898586,0.910367967579834,0.00010478331262671044,7.416630868796752e-07,0.8635218213353753,0.42016806722689076
C7_P3_05,C7,P3,05,Medium,355.144,9.674037955974434,8.818629459564685,0.07404585007731698,0.8663588046904387,0.6694444893876234,212.5730835536076,0.0019259642446318376,0.0040368095799923,0.0054707360783302,1.427683419197045e-05,5263.157894736842,6e-08,0.49600877780394315,0.22918258212375858,0.045488982476557444,0.9049580467845159,9.714219970503193e-05,9.525362665875137e-07,0.8846298480859924,0.4965622612681436
C7_P3_10,C7,P3,10,Medium,355.144,9.681124396360445,12.897845638435292,0.07664854237542137,0.8428408601391401,0.6679668800871356,211.06446608113254,0.0019390720622521126,0.0040745387943256,0.0054917709500381,1.2612123762937895e-05,2040.816326530612,6e-08,0.4994917613041646,0.22918258212375858,0.04876891801036967,0.9091029708391715,9.998897590702543e-05,9.463918092372546e-07,0.8848373522845241,0.5347593582887701
C7_P4_05,C7,P4,05,Medium,355.144,9.839560244508288,9.606377823178523,0.08673608352202174,0.7350333694931004,0.6820372085254349,226.78552166004386,0.001957546104147036,0.0041049224979037,0.0055328390328963995,6.917422071996087e-06,4285.714285714286,6e-08,0.5104277111398244,0.26737967914438504,0.05720932968528376,0.9154091013130761,6.294910649021851e-05,8.175413065153437e-07,0.865117347723829,0.5729564553093965
C7_P4_10,C7,P4,10,Medium,355.144,9.850296989565882,10.454927022238296,0.08267437397046547,0.7803630959263795,0.6872399037051045,208.69569574550346,0.001992600581992648,0.0040898975895409,0.0054413540353095,7.396183593431015e-06,3703.703703703704,6e-08,0.5157327546347373,0.26737967914438504,0.05860348655473725,0.8964556146362547,0.00011190758192800831,8.715907184881712e-07,0.864961283042619,0.5729564553093965
C7_P5_05,C7,P5,05,Medium,355.144,9.787374842006113,12.470158537089775,0.07333834783260745,0.909550742574979,0.6788504389925595,226.40113148114327,0.001893385280589108,0.0040321351640572,0.005510802500631001,8.773042614579033e-06,2112.6760563380285,6e-08,0.49287888912721045,0.22918258212375858,0.049243913991515266,0.9156280598701657,8.608786393627223e-05,8.881755595316832e-07,0.8996726502499097,0.42016806722689076
C7_P5_10,C7,P5,10,Medium,355.144,9.712940965546613,20.189044502743325,0.0749174513635402,0.9254906705320517,0.6760796620140903,208.8508830944897,0.001962079397318189,0.0040895637026884,0.0054747427205601995,8.344664642077723e-06,350.87719298245617,6e-08,0.4946360678453447,0.22918258212375858,0.04944515571805173,0.891046159885912,0.00010191923489036935,8.407214505941304e-07,0.8908946832472782,0.5729564553093965
C7_P6_05,C7,P6,05,Medium,355.144,9.518125705496006,10.678698911874276,0.0940667815350505,0.6736036106695358,0.7056436179057006,234.01784886717937,0.001979543657050592,0.0041763742843403,0.0055421878647667,4.360209064818928e-06,3658.5365853658536,6e-08,0.4986889806416627,0.34377387318563785,0.05762043689883271,0.9012096557483101,8.54796178613121e-05,8.9645332182819e-07,0.859425680782091,0.45836516424751717
C7_P6_10,C7,P6,10,Medium,355.144,9.61573811260902,8.702572223245648,0.09395823743841468,0.6128203330117957,0.700058321383748,241.22402050262036,0.0018935854948213314,0.0040691966046855,0.0055548755651620004,4.018560945148615e-06,5172.4137931034475,6e-08,0.503472625357311,0.22918258212375858,0.05987327924013977,0.9079506628164145,7.266719301818237e-05,8.758623361012947e-07,0.8579368765379841,0.5729564553093965
C15_P1_03,C15,P1,03,Medium,417.843,8.993205607955424,18.933468424605586,0.0857146168048923,0.9657897610494127,0.6833456011883113,73.02587300187385,0.0025740902300640973,0.0054331243971773,0.0063064548701556,9.934781813605932e-06,761.4213197969542,8e-08,0.48730578834768346,0.26737967914438504,0.053211350442037564,0.7089865117577316,0.0004856687559463895,6.115930480883315e-06,0.8874838515946624,0.42016806722689076
C15_P1_05,C15,P1,05,Medium,417.843,9.007670480911989,14.010933289725909,0.08463329523447886,0.9890930010170934,0.6794861000112462,79.07830347991403,0.0025957423355880338,0.0054461459844251,0.0063131326072058,1.1432964563342855e-05,2439.0243902439024,8e-08,0.48793582029266447,0.26737967914438504,0.053999284265971614,0.7260440158392862,0.0004231191173407879,6.287458038551194e-06,0.8964574834340141,0.42016806722689076
C15_P1_10,C15,P1,10,Medium,417.843,9.014256632341205,16.73371619494202,0.08403715407529659,0.9862717856589107,0.6876993886733159,77.6311853511509,0.002572452004947222,0.005419101149372,0.006301446567368,9.229949078899886e-06,1287.5536480686694,8e-08,0.4861698162609546,0.26737967914438504,0.05464827476387199,0.7213644015301961,0.0004261945798046046,6.552653708813324e-06,0.8945839641519719,0.42016806722689076
C15_P1_09,C15,P1,09,Medium,417.843,8.993516120943308,20.02921237258566,0.08508611848802888,0.9388667505122169,0.6833070600091122,78.09408100168274,0.0026019296944959493,0.00544013602108,0.0062580412765421,8.861041563712176e-06,446.42857142857144,8e-08,0.4871996592194354,0.26737967914438504,0.05456151790652569,0.7269505103386553,0.0004480391090500716,6.388135335255022e-06,0.8844025160778307,0.42016806722689076
C15_P2_01,C15,P2,01,Medium,417.843,9.602915633193561,22.521772829885442,0.08680843477339076,0.9779020349502793,0.6793440360110955,212.68779747906038,0.0025912645888281132,0.0054564964768528,0.0063011126805155,8.039264995958676e-06,314.13612565445027,8e-08,0.5054921695673967,0.3819709702062643,0.049480594750526595,0.9076624470995518,0.0001387540547967809,5.733664574057863e-07,0.8955890766855555,0.5729564553093965
C15_P2_03,C15,P2,03,Medium,417.843,9.666121003309053,19.265867680549597,0.08409268559448857,0.9615492690537478,0.682273790940059,222.91841570610788,0.0025756849362996875,0.0054301194155048,0.0063588751059992996,7.540735052865057e-06,707.5471698113207,8e-08,0.5040711939043222,0.3819709702062643,0.05323311281676162,0.9100047658793908,0.00015296140628276447,5.14457897803857e-07,0.8859951425458688,0.5729564553093965
C15_P2_06,C15,P2,06,Medium,417.843,9.692883405265796,19.366081457273594,0.08450219569569072,0.9231490061758071,0.6799086183442778,215.07745051009383,0.0026092777558761335,0.005512589468074,0.0063585412191467,8.701451711429907e-06,709.2198581560284,8e-08,0.5017894016243841,0.26737967914438504,0.04687243507574248,0.9087555803913526,0.00016852594244905707,5.495244350253049e-07,0.8922363745127774,0.5729564553093965
C15_P2_10,C15,P2,10,Medium,417.843,9.625791223402697,19.398324861643236,0.08475637231068915,0.9651168408914081,0.6798806363315378,216.6351964036402,0.0026075817007491647,0.0054852107461684,0.0063485246135715,8.006294201609493e-06,707.5471698113207,8e-08,0.5025595213373912,0.26737967914438504,0.05062976367336354,0.9065712951246455,0.00014616254901317441,5.275355724631334e-07,0.8919538235842487,0.5729564553093965
C15_P3_01,C15,P3,01,Medium,417.843,9.014009375933087,21.026091128188185,0.09167266500370334,0.979478558920006,0.6817629774616183,85.77266725402384,0.0025645685904497413,0.0054591675716729,0.0063849182804948,1.1123161233346e-05,280.6361085126286,8e-08,0.4879363155513667,0.22918258212375858,0.053922946921474015,0.7447143585813227,0.00041705155548365803,9.987768146528453e-06,0.8943189075578531,0.45836516424751717
C15_P3_05,C15,P3,05,Medium,417.843,9.11925467533581,13.925950270602339,0.08861975233449278,0.9757347286279218,0.6799741042559664,92.78724662381522,0.0025731586937817923,0.0054321227366198,0.006323816986486,1.011766182790059e-05,2479.3388429752067,8e-08,0.49024526805432683,0.22918258212375858,0.05519206625167836,0.7613327941065932,0.00035025454338277274,2.342656926565432e-06,0.8881022644813253,0.45836516424751717
C15_P3_10,C15,P3,10,Medium,417.843,9.029833759658352,13.2540110045424,0.08706822563199325,0.9702542310145519,0.6763192718854072,90.85957420310433,0.0025092075414130935,0.0053062473932246,0.006227323686111399,1.1084139531622423e-05,2830.188679245283,8e-08,0.4876347484064049,0.22918258212375858,0.05429443788024742,0.754980701247651,0.00036007841156048594,2.5039314015486586e-06,0.8941914124111905,0.45836516424751717
C15_P3_12,C15,P3,12,Medium,417.843,9.032257605313266,21.157971337561207,0.08789205888442024,0.9191231296746087,0.6742049104402144,95.806492010182,0.0025548566818041915,0.0054384665868175,0.00638959269643,9.785782753429921e-06,282.2201317027281,8e-08,0.4858015331674587,0.3819709702062643,0.05426031809541205,0.7631954939125245,0.00035280081593243946,2.438971547987393e-06,0.8828521942843717,0.45836516424751717
C15_P4_01,C15,P4,01,Medium,417.843,9.341384265365592,21.639409942895806,0.0892034581299034,0.9866474162345948,0.6807656085448799,94.76149418064574,0.002562637085346459,0.0053776991796611,0.0062951027171704,8.198461721713321e-06,240.57738572574178,8e-08,0.4960399376908514,0.22918258212375858,0.054371504557078405,0.7491460451367323,0.00031258590734414957,6.7798312925996005e-06,0.8963020986360837,0.42016806722689076
C15_P4_03,C15,P4,03,Medium,417.843,9.248842659216896,13.556103407232548,0.09040900429052114,0.9478908521826351,0.6875986848588389,101.00166336197536,0.0025504960939366265,0.0053807041613337,0.0063067887570081,6.3230145928293866e-06,2678.5714285714284,8e-08,0.5023124065843669,0.22918258212375858,0.05457933614151935,0.7622061354244788,0.00033034291149797407,4.938295753080895e-06,0.886120922066044,0.5347593582887701
C15_P4_09,C15,P4,09,Medium,417.843,9.256954809882048,13.596396260785843,0.08814166915323607,0.9735190343439428,0.6823129571768756,97.20127504564391,0.0025589700976326934,0.0054070812226818,0.0063031160016306,7.672259104726295e-06,2678.5714285714284,8e-08,0.5026235912127991,0.22918258212375858,0.05307263167049276,0.753749142938251,0.00033246598771907227,6.2887817912507585e-06,0.9014507886002683,0.5729564553093965
C15_P4_12,C15,P4,12,Medium,417.843,9.232794009499967,21.114186317031724,0.08640304654316862,0.9683831300489076,0.6827799868217251,95.66323915109639,0.0025234253665982346,0.0053776991796611,0.0062927655092028,6.978244571301279e-06,292.6829268292683,8e-08,0.49778850044340794,0.22918258212375858,0.05502116640270988,0.7524590211879851,0.0003484338144980523,5.214639535102169e-06,0.8901153377544256,0.45836516424751717
C15_P5_01,C15,P5,01,Medium,417.843,9.22068251433019,14.50185280411937,0.08757638755580169,0.9915123376042148,0.6799963028774251,118.4054499972251,0.002613352720331252,0.0055012373150888,0.006395268772922499,1.3107054074992766e-05,2238.8059701492534,8e-08,0.4625069929213758,0.3819709702062643,0.05569848724430592,0.8184722391910227,0.00018869629365319852,2.7151393766378643e-06,0.8921507390429757,0.42016806722689076
C15_P5_05,C15,P5,05,Medium,417.843,9.17141619655247,13.46005577719193,0.08646718034394761,0.978144015449734,0.6808837176510031,113.46713506865974,0.0025452423237585188,0.0053529915525756,0.006217974854241201,1.2172929696382536e-05,2803.7383177570096,8e-08,0.4635538091764203,0.3819709702062643,0.05868372901370371,0.8172709339645534,0.0001920564413209233,2.665146306566538e-06,0.8982607435883525,0.42016806722689076
C15_P5_10,C15,P5,10,Medium,417.843,9.16802597076314,18.26867117899013,0.08756883880175241,0.9447470868036912,0.6729886774239473,122.01028407534506,0.0025430426463819832,0.0054504865135077,0.0063558701243266996,1.3595522735607426e-05,895.5223880597015,8e-08,0.4630271499637529,0.3819709702062643,0.05560318247539011,0.823796908355506,0.00018489147148177207,3.468250648095675e-06,0.8838825287711359,0.42016806722689076
C15_P5_12,C15,P5,12,Medium,417.843,9.144833695171796,18.33077484775646,0.08755894991471107,0.97944700917283,0.6795407423957209,120.54796297275324,0.0025798359486379923,0.0054518220609177,0.0063615462008193,1.3405392415089035e-05,895.5223880597015,8e-08,0.4617415612093731,0.3819709702062643,0.05674440451923613,0.8208821832597789,0.00019872905727212652,2.5071309281659834e-06,0.8910069481198374,0.42016806722689076
C16_P1_01,C16,P1,01,Medium,440.387,9.148271037476768,22.13331048576984,0.08963835813863585,0.9818815491276924,0.6747894974102715,131.37396988182016,0.0025292395846800643,0.0053907207669089,0.0063184747968459,2.484804584412797e-05,257.0694087403599,8e-08,0.49030198406018827,0.3819709702062643,0.059581666133412335,0.8462471781859869,0.00012449383570558095,3.0757556814720954e-06,0.894091225522776,0.4965622612681436
C16_P1_05,C16,P1,05,Medium,440.387,9.314317620240269,13.98366525799992,0.08888940515361678,0.9767940311646571,0.675936051661312,136.5778178343856,0.0025678774647854095,0.0053646775924134,0.0062723984111999,1.9440623092557856e-05,2459.016393442623,8e-08,0.4898455104749826,0.3819709702062643,0.05882616035531206,0.8492051886154646,0.00011568767163010791,2.6634328083156394e-06,0.8923077192491116,0.4965622612681436
C16_P1_10,C16,P1,10,Medium,440.387,9.313754196455827,18.171432645824584,0.08920119598623703,0.9901104197091657,0.6740875823899505,142.28826337218615,0.0025116762514920147,0.0053403038521803,0.006322481439075899,1.9826041412700264e-05,887.5739644970414,8e-08,0.488480132711784,0.3819709702062643,0.05955942351563891,0.8513296547616854,0.0001180142644426312,2.190373890789439e-06,0.9023712293030073,0.4965622612681436
C16_P2_01,C16,P2,01,Medium,440.387,9.447032712839306,18.202088291813688,0.08405837656065226,0.9676770504469928,0.6616437109169226,165.42828261525025,0.0025895097396159486,0.0054167639414045,0.0062894266406778,6.809836478344761e-06,867.0520231213874,8e-08,0.493958106950326,0.34377387318563785,0.054682315898512024,0.8897278961535426,0.0002105164723923769,1.1378342905084292e-06,0.901014690477258,0.4965622612681436
C16_P2_05,C16,P2,05,Medium,440.387,9.486844968010873,17.882577589961567,0.08419702886604284,0.9386728172620287,0.6595434596044526,161.1444870196559,0.0025133207825337577,0.0053112556960122,0.0062062888144035,5.277942747646393e-06,892.8571428571429,8e-08,0.4943930221151912,0.34377387318563785,0.055602824943974845,0.8879792156853414,0.00020409969669961855,1.1326500552641152e-06,0.9125769727582372,0.4965622612681436
C16_P2_10,C16,P2,10,Medium,440.387,9.417619242343317,18.173097469621165,0.08674321578473755,0.9545807969347806,0.6637131058702365,166.84669453660973,0.0025989866790116015,0.0055009034282363,0.0063769049960347,6.358299264085963e-06,874.6355685131196,8e-08,0.4935962169928311,0.34377387318563785,0.05605699790032892,0.8875679991869398,0.00018821960924291834,1.1396687782568086e-06,0.9098497041904887,0.4965622612681436
C16_P3_01,C16,P3,01,Medium,440.387,9.361466048299379,22.103882653554173,0.08197095704606286,0.9773040991440562,0.6697522493957291,163.6044502032685,0.0024890937270401156,0.0053533254394281,0.0063388418948488,7.6071681353324375e-06,281.42589118198873,8e-08,0.4815814121021095,0.3819709702062643,0.05306619835776715,0.8782763581761786,0.0001369110510092625,1.1555905204130737e-06,0.8973440957600612,0.4965622612681436
C16_P3_05,C16,P3,05,Medium,440.387,9.381883365579183,17.978421223570017,0.08793957372597973,0.9196115760185319,0.6636229107962568,172.11051717222608,0.0025309223445683436,0.0053897191063514,0.0063061209833031005,7.685127764335236e-06,895.5223880597015,8e-08,0.48664624504355947,0.3819709702062643,0.05422865607899122,0.8881006410396421,0.00013032487930796956,1.1568575640502493e-06,0.9007863833224048,0.4965622612681436
C16_P3_10,C16,P3,10,Medium,440.387,9.443720293772419,15.478865133826336,0.0865087443719637,0.9765755480695634,0.6679893464846214,174.8253445399372,0.002491722219332797,0.0053666809135284,0.0063101276255332,7.10072835843871e-06,1554.4041450777202,8e-08,0.48758900330008825,0.3819709702062643,0.05404477175395146,0.8901291250659394,0.00011976960781849084,1.1625275057145344e-06,0.896143187025515,0.4965622612681436
C16_P4_05,C16,P4,05,Medium,440.387,9.699687760995653,21.84390603732031,0.08757232250946932,0.9462175761536071,0.6774942975249211,203.9096006236506,0.00248837222802291,0.0053312889071626,0.0062777406008400006,2.0281730636891637e-05,328.58707557502737,8e-08,0.47866800693993505,0.3819709702062643,0.05475151133248232,0.8971658718414622,9.615291182271817e-05,1.7614347082323834e-07,0.8858630490849705,0.4965622612681436
C16_P5_05,C16,P5,05,Medium,440.387,9.460542163730668,13.096963254377211,0.08573878016951209,0.9751730178172432,0.677407402933845,167.40750436995359,0.0024720317481138217,0.0052471494203308,0.0062426824813267,8.3567246607763e-06,2830.188679245283,8e-08,0.4849570842881876,0.30557677616501144,0.051321332124807516,0.8748803433129286,0.00018615182117959374,2.207638422898006e-06,0.8924107629935742,0.42016806722689076
C16_P6_05,C16,P6,05,Medium,440.387,9.203353775042778,21.578658239343888,0.08307313742316402,0.8978158318879793,0.6664734109313891,128.52971560891817,0.0025529522009861668,0.0054207705836346,0.0063525312558017,1.1475680998113114e-05,290.41626331074536,8e-08,0.48169034023442747,0.3819709702062643,0.05255623199158025,0.8332028294209538,0.0001915128090347325,2.658219157678317e-06,0.8885825694325767,0.42016806722689076
